Rank Origem,Rank Destino,Ação da Origem,Estado do Destino,Tempo Inicial,Tempo Final
1,2,PMPI_Bcast,PMPI_Bcast,0.000582,0.000617
1,2,PMPI_Bcast,PMPI_Bcast,0.000584,0.000626
1,9,PMPI_Bcast,PMPI_Bcast,0.000582,0.000626
9,11,PMPI_Bcast,PMPI_Bcast,0.000626,0.000634
1,2,PMPI_Bcast,PMPI_Bcast,0.000584,0.000635
9,10,PMPI_Bcast,PMPI_Bcast,0.000626,0.000639
9,13,PMPI_Bcast,PMPI_Bcast,0.000626,0.000642
11,12,PMPI_Bcast,PMPI_Bcast,0.000634,0.000642
1,2,PMPI_Bcast,PMPI_Bcast,0.000584,0.000643
1,9,PMPI_Bcast,PMPI_Bcast,0.000584,0.000643
13,14,PMPI_Bcast,PMPI_Bcast,0.000642,0.00065
13,15,PMPI_Bcast,PMPI_Bcast,0.000642,0.00065
1,2,PMPI_Bcast,PMPI_Bcast,0.000584,0.000651
9,10,PMPI_Bcast,PMPI_Bcast,0.000643,0.000651
9,11,PMPI_Bcast,PMPI_Bcast,0.000643,0.000651
15,16,PMPI_Bcast,PMPI_Bcast,0.00065,0.000658
1,2,PMPI_Bcast,PMPI_Bcast,0.000584,0.000659
1,9,PMPI_Bcast,PMPI_Bcast,0.000584,0.000659
9,13,PMPI_Bcast,PMPI_Bcast,0.000643,0.000659
11,12,PMPI_Bcast,PMPI_Bcast,0.000651,0.000659
1,2,PMPI_Bcast,PMPI_Bcast,0.000584,0.000667
9,10,PMPI_Bcast,PMPI_Bcast,0.000659,0.000667
9,11,PMPI_Bcast,PMPI_Bcast,0.000659,0.000667
13,14,PMPI_Bcast,PMPI_Bcast,0.000659,0.000667
13,15,PMPI_Bcast,PMPI_Bcast,0.000659,0.000667
1,3,PMPI_Bcast,PMPI_Bcast,0.000582,0.000671
9,13,PMPI_Bcast,PMPI_Bcast,0.000659,0.000675
1,9,PMPI_Bcast,PMPI_Bcast,0.000584,0.000675
1,2,PMPI_Bcast,PMPI_Bcast,0.000584,0.000675
11,12,PMPI_Bcast,PMPI_Bcast,0.000667,0.000675
15,16,PMPI_Bcast,PMPI_Bcast,0.000667,0.000675
1,3,PMPI_Bcast,PMPI_Bcast,0.000584,0.000679
1,2,PMPI_Bcast,PMPI_Bcast,0.000584,0.000683
13,14,PMPI_Bcast,PMPI_Bcast,0.000675,0.000683
13,15,PMPI_Bcast,PMPI_Bcast,0.000675,0.000683
9,10,PMPI_Bcast,PMPI_Bcast,0.000675,0.000683
9,11,PMPI_Bcast,PMPI_Bcast,0.000675,0.000683
1,3,PMPI_Bcast,PMPI_Bcast,0.000584,0.000687
1,5,PMPI_Bcast,PMPI_Bcast,0.000582,0.000688
1,9,PMPI_Bcast,PMPI_Bcast,0.000584,0.00069
9,13,PMPI_Bcast,PMPI_Bcast,0.000675,0.00069
1,2,PMPI_Bcast,PMPI_Bcast,0.000587,0.000691
15,16,PMPI_Bcast,PMPI_Bcast,0.000683,0.000691
11,12,PMPI_Bcast,PMPI_Bcast,0.000683,0.000691
1,3,PMPI_Bcast,PMPI_Bcast,0.000584,0.000695
5,7,PMPI_Bcast,PMPI_Bcast,0.000688,0.000696
13,14,PMPI_Bcast,PMPI_Bcast,0.00069,0.000698
13,15,PMPI_Bcast,PMPI_Bcast,0.00069,0.000698
9,10,PMPI_Bcast,PMPI_Bcast,0.00069,0.000698
9,11,PMPI_Bcast,PMPI_Bcast,0.00069,0.000698
1,2,PMPI_Bcast,PMPI_Bcast,0.000587,0.000698
1,3,PMPI_Bcast,PMPI_Bcast,0.000584,0.000703
7,8,PMPI_Bcast,PMPI_Bcast,0.000696,0.000704
1,5,PMPI_Bcast,PMPI_Bcast,0.000584,0.000705
1,9,PMPI_Bcast,PMPI_Bcast,0.000584,0.000706
9,13,PMPI_Bcast,PMPI_Bcast,0.00069,0.000706
15,16,PMPI_Bcast,PMPI_Bcast,0.000698,0.000706
11,12,PMPI_Bcast,PMPI_Bcast,0.000698,0.000706
1,2,PMPI_Bcast,PMPI_Bcast,0.000587,0.000706
1,3,PMPI_Bcast,PMPI_Bcast,0.000584,0.00071
5,7,PMPI_Bcast,PMPI_Bcast,0.000705,0.000713
13,14,PMPI_Bcast,PMPI_Bcast,0.000706,0.000714
13,15,PMPI_Bcast,PMPI_Bcast,0.000706,0.000714
9,10,PMPI_Bcast,PMPI_Bcast,0.000706,0.000714
9,11,PMPI_Bcast,PMPI_Bcast,0.000706,0.000714
1,2,PMPI_Bcast,PMPI_Bcast,0.000587,0.000714
1,3,PMPI_Bcast,PMPI_Bcast,0.000584,0.000718
1,5,PMPI_Bcast,PMPI_Bcast,0.000584,0.000721
7,8,PMPI_Bcast,PMPI_Bcast,0.000713,0.000721
1,9,PMPI_Bcast,PMPI_Bcast,0.000584,0.000722
9,13,PMPI_Bcast,PMPI_Bcast,0.000706,0.000722
15,16,PMPI_Bcast,PMPI_Bcast,0.000714,0.000722
11,12,PMPI_Bcast,PMPI_Bcast,0.000714,0.000722
1,2,PMPI_Bcast,PMPI_Bcast,0.000587,0.000722
1,3,PMPI_Bcast,PMPI_Bcast,0.000584,0.000726
5,7,PMPI_Bcast,PMPI_Bcast,0.000721,0.000729
13,14,PMPI_Bcast,PMPI_Bcast,0.000722,0.00073
13,15,PMPI_Bcast,PMPI_Bcast,0.000722,0.00073
9,10,PMPI_Bcast,PMPI_Bcast,0.000722,0.00073
9,11,PMPI_Bcast,PMPI_Bcast,0.000722,0.00073
1,2,PMPI_Bcast,PMPI_Bcast,0.000587,0.00073
1,3,PMPI_Bcast,PMPI_Bcast,0.000584,0.000734
1,5,PMPI_Bcast,PMPI_Bcast,0.000584,0.000737
7,8,PMPI_Bcast,PMPI_Bcast,0.000729,0.000737
1,9,PMPI_Bcast,PMPI_Bcast,0.000584,0.000738
9,13,PMPI_Bcast,PMPI_Bcast,0.000722,0.000738
15,16,PMPI_Bcast,PMPI_Bcast,0.00073,0.000738
11,12,PMPI_Bcast,PMPI_Bcast,0.00073,0.000738
1,2,PMPI_Bcast,PMPI_Bcast,0.000587,0.000738
3,4,PMPI_Bcast,PMPI_Bcast,0.000671,0.000738
1,3,PMPI_Bcast,PMPI_Bcast,0.000587,0.000742
5,7,PMPI_Bcast,PMPI_Bcast,0.000737,0.000744
13,14,PMPI_Bcast,PMPI_Bcast,0.000738,0.000746
13,15,PMPI_Bcast,PMPI_Bcast,0.000738,0.000746
9,10,PMPI_Bcast,PMPI_Bcast,0.000738,0.000746
9,11,PMPI_Bcast,PMPI_Bcast,0.000738,0.000746
1,2,PMPI_Bcast,PMPI_Bcast,0.000587,0.000746
3,4,PMPI_Bcast,PMPI_Bcast,0.000679,0.000746
1,3,PMPI_Bcast,PMPI_Bcast,0.000587,0.00075
1,5,PMPI_Bcast,PMPI_Bcast,0.000584,0.000752
7,8,PMPI_Bcast,PMPI_Bcast,0.000744,0.000752
1,9,PMPI_Bcast,PMPI_Bcast,0.000584,0.000753
9,13,PMPI_Bcast,PMPI_Bcast,0.000738,0.000753
15,16,PMPI_Bcast,PMPI_Bcast,0.000746,0.000754
11,12,PMPI_Bcast,PMPI_Bcast,0.000746,0.000754
1,2,PMPI_Bcast,PMPI_Bcast,0.000587,0.000754
3,4,PMPI_Bcast,PMPI_Bcast,0.000687,0.000754
1,3,PMPI_Bcast,PMPI_Bcast,0.000587,0.000758
5,7,PMPI_Bcast,PMPI_Bcast,0.000752,0.00076
13,14,PMPI_Bcast,PMPI_Bcast,0.000753,0.000761
13,15,PMPI_Bcast,PMPI_Bcast,0.000753,0.000761
9,10,PMPI_Bcast,PMPI_Bcast,0.000753,0.000761
9,11,PMPI_Bcast,PMPI_Bcast,0.000753,0.000761
1,2,PMPI_Bcast,PMPI_Bcast,0.000587,0.000762
3,4,PMPI_Bcast,PMPI_Bcast,0.000695,0.000762
1,3,PMPI_Bcast,PMPI_Bcast,0.000587,0.000766
1,5,PMPI_Bcast,PMPI_Bcast,0.000584,0.000768
7,8,PMPI_Bcast,PMPI_Bcast,0.00076,0.000768
1,9,PMPI_Bcast,PMPI_Bcast,0.000587,0.000769
9,13,PMPI_Bcast,PMPI_Bcast,0.000753,0.000769
15,16,PMPI_Bcast,PMPI_Bcast,0.000761,0.000769
11,12,PMPI_Bcast,PMPI_Bcast,0.000761,0.000769
1,2,PMPI_Bcast,PMPI_Bcast,0.000587,0.00077
3,4,PMPI_Bcast,PMPI_Bcast,0.000703,0.00077
1,3,PMPI_Bcast,PMPI_Bcast,0.000587,0.000774
5,7,PMPI_Bcast,PMPI_Bcast,0.000768,0.000776
13,14,PMPI_Bcast,PMPI_Bcast,0.000769,0.000777
13,15,PMPI_Bcast,PMPI_Bcast,0.000769,0.000777
9,10,PMPI_Bcast,PMPI_Bcast,0.000769,0.000777
9,11,PMPI_Bcast,PMPI_Bcast,0.000769,0.000777
1,2,PMPI_Bcast,PMPI_Bcast,0.000587,0.000778
3,4,PMPI_Bcast,PMPI_Bcast,0.00071,0.000778
1,3,PMPI_Bcast,PMPI_Bcast,0.000587,0.000782
1,5,PMPI_Bcast,PMPI_Bcast,0.000584,0.000784
7,8,PMPI_Bcast,PMPI_Bcast,0.000776,0.000784
1,9,PMPI_Bcast,PMPI_Bcast,0.000587,0.000785
9,13,PMPI_Bcast,PMPI_Bcast,0.000769,0.000785
15,16,PMPI_Bcast,PMPI_Bcast,0.000777,0.000785
11,12,PMPI_Bcast,PMPI_Bcast,0.000777,0.000785
1,2,PMPI_Bcast,PMPI_Bcast,0.000587,0.000786
3,4,PMPI_Bcast,PMPI_Bcast,0.000718,0.000786
1,3,PMPI_Bcast,PMPI_Bcast,0.000587,0.00079
5,7,PMPI_Bcast,PMPI_Bcast,0.000784,0.000792
13,14,PMPI_Bcast,PMPI_Bcast,0.000785,0.000793
13,15,PMPI_Bcast,PMPI_Bcast,0.000785,0.000793
9,10,PMPI_Bcast,PMPI_Bcast,0.000785,0.000793
9,11,PMPI_Bcast,PMPI_Bcast,0.000785,0.000793
1,2,PMPI_Bcast,PMPI_Bcast,0.000587,0.000794
3,4,PMPI_Bcast,PMPI_Bcast,0.000726,0.000794
1,3,PMPI_Bcast,PMPI_Bcast,0.000587,0.000798
1,5,PMPI_Bcast,PMPI_Bcast,0.000584,0.000799
7,8,PMPI_Bcast,PMPI_Bcast,0.000792,0.0008
1,9,PMPI_Bcast,PMPI_Bcast,0.000587,0.0008
9,13,PMPI_Bcast,PMPI_Bcast,0.000785,0.0008
15,16,PMPI_Bcast,PMPI_Bcast,0.000793,0.000801
11,12,PMPI_Bcast,PMPI_Bcast,0.000793,0.000801
1,2,PMPI_Bcast,PMPI_Bcast,0.000587,0.000801
3,4,PMPI_Bcast,PMPI_Bcast,0.000734,0.000801
5,6,PMPI_Bcast,PMPI_Bcast,0.000688,0.000805
1,3,PMPI_Bcast,PMPI_Bcast,0.000587,0.000806
5,7,PMPI_Bcast,PMPI_Bcast,0.000799,0.000807
13,14,PMPI_Bcast,PMPI_Bcast,0.0008,0.000809
13,15,PMPI_Bcast,PMPI_Bcast,0.0008,0.000809
9,10,PMPI_Bcast,PMPI_Bcast,0.0008,0.000809
9,11,PMPI_Bcast,PMPI_Bcast,0.0008,0.000809
1,2,PMPI_Bcast,PMPI_Bcast,0.000587,0.000809
3,4,PMPI_Bcast,PMPI_Bcast,0.000742,0.000809
5,6,PMPI_Bcast,PMPI_Bcast,0.000705,0.000813
1,3,PMPI_Bcast,PMPI_Bcast,0.000587,0.000813
1,5,PMPI_Bcast,PMPI_Bcast,0.000584,0.000815
7,8,PMPI_Bcast,PMPI_Bcast,0.000807,0.000815
1,9,PMPI_Bcast,PMPI_Bcast,0.000587,0.000816
9,13,PMPI_Bcast,PMPI_Bcast,0.0008,0.000816
15,16,PMPI_Bcast,PMPI_Bcast,0.000809,0.000816
11,12,PMPI_Bcast,PMPI_Bcast,0.000809,0.000816
1,2,PMPI_Bcast,PMPI_Bcast,0.000587,0.000817
3,4,PMPI_Bcast,PMPI_Bcast,0.00075,0.000817
5,6,PMPI_Bcast,PMPI_Bcast,0.000721,0.000821
1,3,PMPI_Bcast,PMPI_Bcast,0.000587,0.000821
5,7,PMPI_Bcast,PMPI_Bcast,0.000815,0.000823
13,14,PMPI_Bcast,PMPI_Bcast,0.000816,0.000824
13,15,PMPI_Bcast,PMPI_Bcast,0.000816,0.000824
9,10,PMPI_Bcast,PMPI_Bcast,0.000816,0.000824
9,11,PMPI_Bcast,PMPI_Bcast,0.000816,0.000824
1,2,PMPI_Bcast,PMPI_Bcast,0.000587,0.000825
3,4,PMPI_Bcast,PMPI_Bcast,0.000758,0.000825
5,6,PMPI_Bcast,PMPI_Bcast,0.000737,0.000829
1,3,PMPI_Bcast,PMPI_Bcast,0.000587,0.000829
1,5,PMPI_Bcast,PMPI_Bcast,0.000587,0.000831
7,8,PMPI_Bcast,PMPI_Bcast,0.000823,0.000831
1,9,PMPI_Bcast,PMPI_Bcast,0.000587,0.000832
9,13,PMPI_Bcast,PMPI_Bcast,0.000816,0.000832
15,16,PMPI_Bcast,PMPI_Bcast,0.000824,0.000832
11,12,PMPI_Bcast,PMPI_Bcast,0.000824,0.000832
1,2,PMPI_Bcast,PMPI_Bcast,0.000587,0.000833
3,4,PMPI_Bcast,PMPI_Bcast,0.000766,0.000833
5,6,PMPI_Bcast,PMPI_Bcast,0.000752,0.000837
1,3,PMPI_Bcast,PMPI_Bcast,0.000587,0.000837
5,7,PMPI_Bcast,PMPI_Bcast,0.000831,0.000839
13,14,PMPI_Bcast,PMPI_Bcast,0.000832,0.00084
13,15,PMPI_Bcast,PMPI_Bcast,0.000832,0.00084
9,10,PMPI_Bcast,PMPI_Bcast,0.000832,0.00084
9,11,PMPI_Bcast,PMPI_Bcast,0.000832,0.00084
1,2,PMPI_Bcast,PMPI_Bcast,0.000587,0.000841
3,4,PMPI_Bcast,PMPI_Bcast,0.000774,0.000841
5,6,PMPI_Bcast,PMPI_Bcast,0.000768,0.000845
1,3,PMPI_Bcast,PMPI_Bcast,0.000587,0.000845
1,5,PMPI_Bcast,PMPI_Bcast,0.000587,0.000847
7,8,PMPI_Bcast,PMPI_Bcast,0.000839,0.000847
1,9,PMPI_Bcast,PMPI_Bcast,0.000587,0.000848
9,13,PMPI_Bcast,PMPI_Bcast,0.000832,0.000848
15,16,PMPI_Bcast,PMPI_Bcast,0.00084,0.000848
11,12,PMPI_Bcast,PMPI_Bcast,0.00084,0.000848
1,2,PMPI_Bcast,PMPI_Bcast,0.000587,0.000849
3,4,PMPI_Bcast,PMPI_Bcast,0.000782,0.000849
5,6,PMPI_Bcast,PMPI_Bcast,0.000784,0.000853
1,3,PMPI_Bcast,PMPI_Bcast,0.000587,0.000853
5,7,PMPI_Bcast,PMPI_Bcast,0.000847,0.000855
13,14,PMPI_Bcast,PMPI_Bcast,0.000848,0.000856
13,15,PMPI_Bcast,PMPI_Bcast,0.000848,0.000856
9,10,PMPI_Bcast,PMPI_Bcast,0.000848,0.000856
9,11,PMPI_Bcast,PMPI_Bcast,0.000848,0.000856
1,2,PMPI_Bcast,PMPI_Bcast,0.000587,0.000857
3,4,PMPI_Bcast,PMPI_Bcast,0.00079,0.000857
5,6,PMPI_Bcast,PMPI_Bcast,0.000799,0.000861
1,3,PMPI_Bcast,PMPI_Bcast,0.000587,0.000861
1,5,PMPI_Bcast,PMPI_Bcast,0.000587,0.000862
7,8,PMPI_Bcast,PMPI_Bcast,0.000855,0.000862
1,9,PMPI_Bcast,PMPI_Bcast,0.000587,0.000863
9,13,PMPI_Bcast,PMPI_Bcast,0.000848,0.000863
15,16,PMPI_Bcast,PMPI_Bcast,0.000856,0.000864
11,12,PMPI_Bcast,PMPI_Bcast,0.000856,0.000864
1,2,PMPI_Bcast,PMPI_Bcast,0.000587,0.000865
3,4,PMPI_Bcast,PMPI_Bcast,0.000798,0.000865
5,6,PMPI_Bcast,PMPI_Bcast,0.000815,0.000868
1,3,PMPI_Bcast,PMPI_Bcast,0.000587,0.000869
5,7,PMPI_Bcast,PMPI_Bcast,0.000862,0.00087
13,14,PMPI_Bcast,PMPI_Bcast,0.000863,0.000871
13,15,PMPI_Bcast,PMPI_Bcast,0.000863,0.000871
9,10,PMPI_Bcast,PMPI_Bcast,0.000863,0.000871
9,11,PMPI_Bcast,PMPI_Bcast,0.000863,0.000871
1,2,PMPI_Bcast,PMPI_Bcast,0.000587,0.000873
3,4,PMPI_Bcast,PMPI_Bcast,0.000806,0.000873
5,6,PMPI_Bcast,PMPI_Bcast,0.000831,0.000876
1,3,PMPI_Bcast,PMPI_Bcast,0.000587,0.000877
1,5,PMPI_Bcast,PMPI_Bcast,0.000587,0.000878
7,8,PMPI_Bcast,PMPI_Bcast,0.00087,0.000878
1,9,PMPI_Bcast,PMPI_Bcast,0.000587,0.000879
9,13,PMPI_Bcast,PMPI_Bcast,0.000863,0.000879
15,16,PMPI_Bcast,PMPI_Bcast,0.000871,0.000879
11,12,PMPI_Bcast,PMPI_Bcast,0.000871,0.000879
1,2,PMPI_Bcast,PMPI_Bcast,0.000587,0.000881
3,4,PMPI_Bcast,PMPI_Bcast,0.000813,0.000881
5,6,PMPI_Bcast,PMPI_Bcast,0.000847,0.000884
1,3,PMPI_Bcast,PMPI_Bcast,0.000587,0.000885
5,7,PMPI_Bcast,PMPI_Bcast,0.000878,0.000886
13,14,PMPI_Bcast,PMPI_Bcast,0.000879,0.000887
13,15,PMPI_Bcast,PMPI_Bcast,0.000879,0.000887
9,10,PMPI_Bcast,PMPI_Bcast,0.000879,0.000887
9,11,PMPI_Bcast,PMPI_Bcast,0.000879,0.000887
1,2,PMPI_Bcast,PMPI_Bcast,0.000587,0.000889
3,4,PMPI_Bcast,PMPI_Bcast,0.000821,0.000889
5,6,PMPI_Bcast,PMPI_Bcast,0.000862,0.000892
1,3,PMPI_Bcast,PMPI_Bcast,0.000587,0.000893
1,5,PMPI_Bcast,PMPI_Bcast,0.000587,0.000894
7,8,PMPI_Bcast,PMPI_Bcast,0.000886,0.000894
1,9,PMPI_Bcast,PMPI_Bcast,0.000587,0.000895
9,13,PMPI_Bcast,PMPI_Bcast,0.000879,0.000895
15,16,PMPI_Bcast,PMPI_Bcast,0.000887,0.000895
11,12,PMPI_Bcast,PMPI_Bcast,0.000887,0.000895
1,2,PMPI_Bcast,PMPI_Bcast,0.000587,0.000897
3,4,PMPI_Bcast,PMPI_Bcast,0.000829,0.000897
5,6,PMPI_Bcast,PMPI_Bcast,0.000878,0.0009
1,3,PMPI_Bcast,PMPI_Bcast,0.000587,0.000901
5,7,PMPI_Bcast,PMPI_Bcast,0.000894,0.000902
13,14,PMPI_Bcast,PMPI_Bcast,0.000895,0.000903
13,15,PMPI_Bcast,PMPI_Bcast,0.000895,0.000903
9,10,PMPI_Bcast,PMPI_Bcast,0.000895,0.000903
9,11,PMPI_Bcast,PMPI_Bcast,0.000895,0.000903
1,2,PMPI_Bcast,PMPI_Bcast,0.000587,0.000904
3,4,PMPI_Bcast,PMPI_Bcast,0.000837,0.000904
5,6,PMPI_Bcast,PMPI_Bcast,0.000894,0.000908
1,3,PMPI_Bcast,PMPI_Bcast,0.000587,0.000909
1,5,PMPI_Bcast,PMPI_Bcast,0.000587,0.00091
7,8,PMPI_Bcast,PMPI_Bcast,0.000902,0.00091
1,9,PMPI_Bcast,PMPI_Bcast,0.000587,0.000911
9,13,PMPI_Bcast,PMPI_Bcast,0.000895,0.000911
15,16,PMPI_Bcast,PMPI_Bcast,0.000903,0.000911
11,12,PMPI_Bcast,PMPI_Bcast,0.000903,0.000911
1,2,PMPI_Bcast,PMPI_Bcast,0.000587,0.000912
3,4,PMPI_Bcast,PMPI_Bcast,0.000845,0.000912
1,3,PMPI_Bcast,PMPI_Bcast,0.000587,0.000916
5,6,PMPI_Bcast,PMPI_Bcast,0.00091,0.000918
5,7,PMPI_Bcast,PMPI_Bcast,0.00091,0.000918
13,14,PMPI_Bcast,PMPI_Bcast,0.000911,0.000919
13,15,PMPI_Bcast,PMPI_Bcast,0.000911,0.000919
9,10,PMPI_Bcast,PMPI_Bcast,0.000911,0.000919
9,11,PMPI_Bcast,PMPI_Bcast,0.000911,0.000919
1,2,PMPI_Bcast,PMPI_Bcast,0.000587,0.00092
3,4,PMPI_Bcast,PMPI_Bcast,0.000853,0.00092
1,3,PMPI_Bcast,PMPI_Bcast,0.000587,0.000924
1,5,PMPI_Bcast,PMPI_Bcast,0.000587,0.000925
7,8,PMPI_Bcast,PMPI_Bcast,0.000918,0.000925
1,9,PMPI_Bcast,PMPI_Bcast,0.000587,0.000926
9,13,PMPI_Bcast,PMPI_Bcast,0.000911,0.000926
15,16,PMPI_Bcast,PMPI_Bcast,0.000919,0.000927
11,12,PMPI_Bcast,PMPI_Bcast,0.000919,0.000927
1,2,PMPI_Bcast,PMPI_Bcast,0.000587,0.000928
3,4,PMPI_Bcast,PMPI_Bcast,0.000861,0.000928
1,3,PMPI_Bcast,PMPI_Bcast,0.000587,0.000932
5,6,PMPI_Bcast,PMPI_Bcast,0.000925,0.000933
5,7,PMPI_Bcast,PMPI_Bcast,0.000925,0.000933
13,14,PMPI_Bcast,PMPI_Bcast,0.000926,0.000934
13,15,PMPI_Bcast,PMPI_Bcast,0.000926,0.000934
9,10,PMPI_Bcast,PMPI_Bcast,0.000926,0.000934
9,11,PMPI_Bcast,PMPI_Bcast,0.000926,0.000934
1,2,PMPI_Bcast,PMPI_Bcast,0.000587,0.000936
3,4,PMPI_Bcast,PMPI_Bcast,0.000869,0.000936
1,3,PMPI_Bcast,PMPI_Bcast,0.000587,0.00094
1,5,PMPI_Bcast,PMPI_Bcast,0.000587,0.000941
7,8,PMPI_Bcast,PMPI_Bcast,0.000933,0.000941
1,9,PMPI_Bcast,PMPI_Bcast,0.000587,0.000942
9,13,PMPI_Bcast,PMPI_Bcast,0.000926,0.000942
15,16,PMPI_Bcast,PMPI_Bcast,0.000934,0.000942
11,12,PMPI_Bcast,PMPI_Bcast,0.000934,0.000942
1,2,PMPI_Bcast,PMPI_Bcast,0.000587,0.000944
3,4,PMPI_Bcast,PMPI_Bcast,0.000877,0.000944
1,3,PMPI_Bcast,PMPI_Bcast,0.000587,0.000948
5,6,PMPI_Bcast,PMPI_Bcast,0.000941,0.000949
5,7,PMPI_Bcast,PMPI_Bcast,0.000941,0.000949
13,14,PMPI_Bcast,PMPI_Bcast,0.000942,0.00095
13,15,PMPI_Bcast,PMPI_Bcast,0.000942,0.00095
9,10,PMPI_Bcast,PMPI_Bcast,0.000942,0.00095
9,11,PMPI_Bcast,PMPI_Bcast,0.000942,0.00095
1,2,PMPI_Bcast,PMPI_Bcast,0.000587,0.000952
3,4,PMPI_Bcast,PMPI_Bcast,0.000885,0.000952
1,3,PMPI_Bcast,PMPI_Bcast,0.000587,0.000956
1,5,PMPI_Bcast,PMPI_Bcast,0.000587,0.000957
7,8,PMPI_Bcast,PMPI_Bcast,0.000949,0.000957
1,9,PMPI_Bcast,PMPI_Bcast,0.000587,0.000958
9,13,PMPI_Bcast,PMPI_Bcast,0.000942,0.000958
15,16,PMPI_Bcast,PMPI_Bcast,0.00095,0.000958
11,12,PMPI_Bcast,PMPI_Bcast,0.00095,0.000958
1,2,PMPI_Bcast,PMPI_Bcast,0.000587,0.00096
3,4,PMPI_Bcast,PMPI_Bcast,0.000893,0.00096
1,3,PMPI_Bcast,PMPI_Bcast,0.000587,0.000964
5,6,PMPI_Bcast,PMPI_Bcast,0.000957,0.000965
5,7,PMPI_Bcast,PMPI_Bcast,0.000957,0.000965
13,14,PMPI_Bcast,PMPI_Bcast,0.000958,0.000966
13,15,PMPI_Bcast,PMPI_Bcast,0.000958,0.000966
9,10,PMPI_Bcast,PMPI_Bcast,0.000958,0.000966
9,11,PMPI_Bcast,PMPI_Bcast,0.000958,0.000966
1,2,PMPI_Bcast,PMPI_Bcast,0.000587,0.000968
3,4,PMPI_Bcast,PMPI_Bcast,0.000901,0.000968
1,3,PMPI_Bcast,PMPI_Bcast,0.000587,0.000972
1,5,PMPI_Bcast,PMPI_Bcast,0.000587,0.000972
7,8,PMPI_Bcast,PMPI_Bcast,0.000965,0.000973
1,9,PMPI_Bcast,PMPI_Bcast,0.000587,0.000974
9,13,PMPI_Bcast,PMPI_Bcast,0.000958,0.000974
15,16,PMPI_Bcast,PMPI_Bcast,0.000966,0.000974
11,12,PMPI_Bcast,PMPI_Bcast,0.000966,0.000974
1,2,PMPI_Bcast,PMPI_Bcast,0.000587,0.000976
3,4,PMPI_Bcast,PMPI_Bcast,0.000909,0.000976
5,6,PMPI_Bcast,PMPI_Bcast,0.000972,0.00098
5,7,PMPI_Bcast,PMPI_Bcast,0.000972,0.00098
13,14,PMPI_Bcast,PMPI_Bcast,0.000974,0.000982
13,15,PMPI_Bcast,PMPI_Bcast,0.000974,0.000982
9,10,PMPI_Bcast,PMPI_Bcast,0.000974,0.000982
9,11,PMPI_Bcast,PMPI_Bcast,0.000974,0.000982
1,2,PMPI_Bcast,PMPI_Bcast,0.000587,0.000984
3,4,PMPI_Bcast,PMPI_Bcast,0.000916,0.000984
1,5,PMPI_Bcast,PMPI_Bcast,0.000587,0.000988
7,8,PMPI_Bcast,PMPI_Bcast,0.00098,0.000988
1,9,PMPI_Bcast,PMPI_Bcast,0.000587,0.000989
9,13,PMPI_Bcast,PMPI_Bcast,0.000974,0.000989
15,16,PMPI_Bcast,PMPI_Bcast,0.000982,0.000989
11,12,PMPI_Bcast,PMPI_Bcast,0.000982,0.000989
1,3,PMPI_Bcast,PMPI_Bcast,0.000587,0.000991
1,2,PMPI_Bcast,PMPI_Bcast,0.000587,0.000992
3,4,PMPI_Bcast,PMPI_Bcast,0.000924,0.000992
5,6,PMPI_Bcast,PMPI_Bcast,0.000988,0.000996
5,7,PMPI_Bcast,PMPI_Bcast,0.000988,0.000996
13,14,PMPI_Bcast,PMPI_Bcast,0.000989,0.000997
13,15,PMPI_Bcast,PMPI_Bcast,0.000989,0.000997
9,10,PMPI_Bcast,PMPI_Bcast,0.000989,0.000997
9,11,PMPI_Bcast,PMPI_Bcast,0.000989,0.000997
1,3,PMPI_Bcast,PMPI_Bcast,0.000587,0.000999
1,2,PMPI_Bcast,PMPI_Bcast,0.000587,0.001
3,4,PMPI_Bcast,PMPI_Bcast,0.000932,0.001
1,5,PMPI_Bcast,PMPI_Bcast,0.000587,0.001004
7,8,PMPI_Bcast,PMPI_Bcast,0.000996,0.001004
1,9,PMPI_Bcast,PMPI_Bcast,0.000587,0.001005
9,13,PMPI_Bcast,PMPI_Bcast,0.000989,0.001005
15,16,PMPI_Bcast,PMPI_Bcast,0.000997,0.001005
11,12,PMPI_Bcast,PMPI_Bcast,0.000997,0.001005
1,3,PMPI_Bcast,PMPI_Bcast,0.000587,0.001006
1,2,PMPI_Bcast,PMPI_Bcast,0.000587,0.001007
3,4,PMPI_Bcast,PMPI_Bcast,0.00094,0.001007
5,6,PMPI_Bcast,PMPI_Bcast,0.001004,0.001012
5,7,PMPI_Bcast,PMPI_Bcast,0.001004,0.001012
13,14,PMPI_Bcast,PMPI_Bcast,0.001005,0.001013
13,15,PMPI_Bcast,PMPI_Bcast,0.001005,0.001013
9,10,PMPI_Bcast,PMPI_Bcast,0.001005,0.001013
9,11,PMPI_Bcast,PMPI_Bcast,0.001005,0.001013
1,3,PMPI_Bcast,PMPI_Bcast,0.000587,0.001014
1,2,PMPI_Bcast,PMPI_Bcast,0.000587,0.001015
3,4,PMPI_Bcast,PMPI_Bcast,0.000948,0.001015
1,5,PMPI_Bcast,PMPI_Bcast,0.000587,0.00102
7,8,PMPI_Bcast,PMPI_Bcast,0.001012,0.00102
1,9,PMPI_Bcast,PMPI_Bcast,0.000587,0.001021
9,13,PMPI_Bcast,PMPI_Bcast,0.001005,0.001021
15,16,PMPI_Bcast,PMPI_Bcast,0.001013,0.001021
11,12,PMPI_Bcast,PMPI_Bcast,0.001013,0.001021
1,3,PMPI_Bcast,PMPI_Bcast,0.000587,0.001022
1,2,PMPI_Bcast,PMPI_Bcast,0.000587,0.001023
3,4,PMPI_Bcast,PMPI_Bcast,0.000956,0.001023
5,6,PMPI_Bcast,PMPI_Bcast,0.00102,0.001028
5,7,PMPI_Bcast,PMPI_Bcast,0.00102,0.001028
13,14,PMPI_Bcast,PMPI_Bcast,0.001021,0.001029
13,15,PMPI_Bcast,PMPI_Bcast,0.001021,0.001029
9,10,PMPI_Bcast,PMPI_Bcast,0.001021,0.001029
9,11,PMPI_Bcast,PMPI_Bcast,0.001021,0.001029
1,3,PMPI_Bcast,PMPI_Bcast,0.000587,0.00103
1,2,PMPI_Bcast,PMPI_Bcast,0.000587,0.001031
3,4,PMPI_Bcast,PMPI_Bcast,0.000964,0.001031
1,5,PMPI_Bcast,PMPI_Bcast,0.000587,0.001035
7,8,PMPI_Bcast,PMPI_Bcast,0.001028,0.001036
1,9,PMPI_Bcast,PMPI_Bcast,0.000587,0.001036
9,13,PMPI_Bcast,PMPI_Bcast,0.001021,0.001036
15,16,PMPI_Bcast,PMPI_Bcast,0.001029,0.001037
11,12,PMPI_Bcast,PMPI_Bcast,0.001029,0.001037
1,3,PMPI_Bcast,PMPI_Bcast,0.000587,0.001038
1,2,PMPI_Bcast,PMPI_Bcast,0.000587,0.001039
3,4,PMPI_Bcast,PMPI_Bcast,0.000972,0.001039
5,6,PMPI_Bcast,PMPI_Bcast,0.001035,0.001043
5,7,PMPI_Bcast,PMPI_Bcast,0.001035,0.001043
13,14,PMPI_Bcast,PMPI_Bcast,0.001036,0.001044
13,15,PMPI_Bcast,PMPI_Bcast,0.001036,0.001044
9,10,PMPI_Bcast,PMPI_Bcast,0.001036,0.001044
9,11,PMPI_Bcast,PMPI_Bcast,0.001036,0.001044
1,3,PMPI_Bcast,PMPI_Bcast,0.000587,0.001046
1,2,PMPI_Bcast,PMPI_Bcast,0.000587,0.001047
3,4,PMPI_Bcast,PMPI_Bcast,0.000991,0.001047
1,5,PMPI_Bcast,PMPI_Bcast,0.000587,0.001051
7,8,PMPI_Bcast,PMPI_Bcast,0.001043,0.001051
1,9,PMPI_Bcast,PMPI_Bcast,0.000587,0.001052
9,13,PMPI_Bcast,PMPI_Bcast,0.001036,0.001052
15,16,PMPI_Bcast,PMPI_Bcast,0.001044,0.001052
11,12,PMPI_Bcast,PMPI_Bcast,0.001044,0.001052
1,3,PMPI_Bcast,PMPI_Bcast,0.000587,0.001054
1,2,PMPI_Bcast,PMPI_Bcast,0.000587,0.001055
3,4,PMPI_Bcast,PMPI_Bcast,0.000999,0.001055
5,6,PMPI_Bcast,PMPI_Bcast,0.001051,0.001059
5,7,PMPI_Bcast,PMPI_Bcast,0.001051,0.001059
13,14,PMPI_Bcast,PMPI_Bcast,0.001052,0.00106
13,15,PMPI_Bcast,PMPI_Bcast,0.001052,0.00106
9,10,PMPI_Bcast,PMPI_Bcast,0.001052,0.00106
9,11,PMPI_Bcast,PMPI_Bcast,0.001052,0.00106
1,3,PMPI_Bcast,PMPI_Bcast,0.000587,0.001062
1,2,PMPI_Bcast,PMPI_Bcast,0.000587,0.001063
3,4,PMPI_Bcast,PMPI_Bcast,0.001006,0.001063
1,5,PMPI_Bcast,PMPI_Bcast,0.000587,0.001067
7,8,PMPI_Bcast,PMPI_Bcast,0.001059,0.001067
1,9,PMPI_Bcast,PMPI_Bcast,0.000587,0.001068
9,13,PMPI_Bcast,PMPI_Bcast,0.001052,0.001068
15,16,PMPI_Bcast,PMPI_Bcast,0.00106,0.001068
11,12,PMPI_Bcast,PMPI_Bcast,0.00106,0.001068
1,3,PMPI_Bcast,PMPI_Bcast,0.000587,0.00107
1,2,PMPI_Bcast,PMPI_Bcast,0.000587,0.001071
3,4,PMPI_Bcast,PMPI_Bcast,0.001014,0.001071
5,6,PMPI_Bcast,PMPI_Bcast,0.001067,0.001075
5,7,PMPI_Bcast,PMPI_Bcast,0.001067,0.001075
13,14,PMPI_Bcast,PMPI_Bcast,0.001068,0.001076
13,15,PMPI_Bcast,PMPI_Bcast,0.001068,0.001076
9,10,PMPI_Bcast,PMPI_Bcast,0.001068,0.001076
9,11,PMPI_Bcast,PMPI_Bcast,0.001068,0.001076
1,3,PMPI_Bcast,PMPI_Bcast,0.000587,0.001078
1,2,PMPI_Bcast,PMPI_Bcast,0.000587,0.001079
3,4,PMPI_Bcast,PMPI_Bcast,0.001022,0.001079
1,5,PMPI_Bcast,PMPI_Bcast,0.000587,0.001082
7,8,PMPI_Bcast,PMPI_Bcast,0.001075,0.001083
1,9,PMPI_Bcast,PMPI_Bcast,0.000587,0.001084
9,13,PMPI_Bcast,PMPI_Bcast,0.001068,0.001084
15,16,PMPI_Bcast,PMPI_Bcast,0.001076,0.001084
11,12,PMPI_Bcast,PMPI_Bcast,0.001076,0.001084
1,3,PMPI_Bcast,PMPI_Bcast,0.000587,0.001086
1,2,PMPI_Bcast,PMPI_Bcast,0.000587,0.001087
3,4,PMPI_Bcast,PMPI_Bcast,0.00103,0.001087
5,6,PMPI_Bcast,PMPI_Bcast,0.001082,0.001091
5,7,PMPI_Bcast,PMPI_Bcast,0.001082,0.001091
13,14,PMPI_Bcast,PMPI_Bcast,0.001084,0.001092
13,15,PMPI_Bcast,PMPI_Bcast,0.001084,0.001092
9,10,PMPI_Bcast,PMPI_Bcast,0.001084,0.001092
9,11,PMPI_Bcast,PMPI_Bcast,0.001084,0.001092
1,3,PMPI_Bcast,PMPI_Bcast,0.000587,0.001094
1,2,PMPI_Bcast,PMPI_Bcast,0.000587,0.001095
3,4,PMPI_Bcast,PMPI_Bcast,0.001038,0.001095
7,8,PMPI_Bcast,PMPI_Bcast,0.001091,0.001098
9,13,PMPI_Bcast,PMPI_Bcast,0.001084,0.001099
1,5,PMPI_Bcast,PMPI_Bcast,0.000587,0.001099
1,9,PMPI_Bcast,PMPI_Bcast,0.000587,0.001099
15,16,PMPI_Bcast,PMPI_Bcast,0.001092,0.0011
11,12,PMPI_Bcast,PMPI_Bcast,0.001092,0.0011
1,3,PMPI_Bcast,PMPI_Bcast,0.000587,0.001102
1,2,PMPI_Bcast,PMPI_Bcast,0.000587,0.001103
3,4,PMPI_Bcast,PMPI_Bcast,0.001046,0.001103
13,14,PMPI_Bcast,PMPI_Bcast,0.001099,0.001107
13,15,PMPI_Bcast,PMPI_Bcast,0.001099,0.001107
5,6,PMPI_Bcast,PMPI_Bcast,0.001099,0.001107
5,7,PMPI_Bcast,PMPI_Bcast,0.001099,0.001107
9,10,PMPI_Bcast,PMPI_Bcast,0.001099,0.001107
9,11,PMPI_Bcast,PMPI_Bcast,0.001099,0.001107
1,3,PMPI_Bcast,PMPI_Bcast,0.000587,0.001109
1,2,PMPI_Bcast,PMPI_Bcast,0.000587,0.00111
3,4,PMPI_Bcast,PMPI_Bcast,0.001054,0.00111
9,13,PMPI_Bcast,PMPI_Bcast,0.001099,0.001115
1,5,PMPI_Bcast,PMPI_Bcast,0.000587,0.001115
1,9,PMPI_Bcast,PMPI_Bcast,0.000587,0.001115
15,16,PMPI_Bcast,PMPI_Bcast,0.001107,0.001115
7,8,PMPI_Bcast,PMPI_Bcast,0.001107,0.001115
11,12,PMPI_Bcast,PMPI_Bcast,0.001107,0.001115
1,3,PMPI_Bcast,PMPI_Bcast,0.000587,0.001117
1,2,PMPI_Bcast,PMPI_Bcast,0.000587,0.001118
3,4,PMPI_Bcast,PMPI_Bcast,0.001062,0.001118
13,14,PMPI_Bcast,PMPI_Bcast,0.001115,0.001123
13,15,PMPI_Bcast,PMPI_Bcast,0.001115,0.001123
5,6,PMPI_Bcast,PMPI_Bcast,0.001115,0.001123
5,7,PMPI_Bcast,PMPI_Bcast,0.001115,0.001123
9,10,PMPI_Bcast,PMPI_Bcast,0.001115,0.001123
9,11,PMPI_Bcast,PMPI_Bcast,0.001115,0.001123
1,3,PMPI_Bcast,PMPI_Bcast,0.000587,0.001125
1,2,PMPI_Bcast,PMPI_Bcast,0.000587,0.001126
3,4,PMPI_Bcast,PMPI_Bcast,0.00107,0.001126
9,13,PMPI_Bcast,PMPI_Bcast,0.001115,0.001131
1,5,PMPI_Bcast,PMPI_Bcast,0.000587,0.001131
1,9,PMPI_Bcast,PMPI_Bcast,0.000587,0.001131
15,16,PMPI_Bcast,PMPI_Bcast,0.001123,0.001131
7,8,PMPI_Bcast,PMPI_Bcast,0.001123,0.001131
11,12,PMPI_Bcast,PMPI_Bcast,0.001123,0.001131
1,3,PMPI_Bcast,PMPI_Bcast,0.000587,0.001133
1,2,PMPI_Bcast,PMPI_Bcast,0.000587,0.001134
3,4,PMPI_Bcast,PMPI_Bcast,0.001078,0.001134
13,14,PMPI_Bcast,PMPI_Bcast,0.001131,0.001139
13,15,PMPI_Bcast,PMPI_Bcast,0.001131,0.001139
5,6,PMPI_Bcast,PMPI_Bcast,0.001131,0.001139
5,7,PMPI_Bcast,PMPI_Bcast,0.001131,0.001139
9,10,PMPI_Bcast,PMPI_Bcast,0.001131,0.001139
9,11,PMPI_Bcast,PMPI_Bcast,0.001131,0.001139
1,3,PMPI_Bcast,PMPI_Bcast,0.000587,0.001141
1,2,PMPI_Bcast,PMPI_Bcast,0.000587,0.001142
3,4,PMPI_Bcast,PMPI_Bcast,0.001086,0.001142
9,13,PMPI_Bcast,PMPI_Bcast,0.001131,0.001147
1,5,PMPI_Bcast,PMPI_Bcast,0.000587,0.001147
1,9,PMPI_Bcast,PMPI_Bcast,0.000587,0.001147
15,16,PMPI_Bcast,PMPI_Bcast,0.001139,0.001147
7,8,PMPI_Bcast,PMPI_Bcast,0.001139,0.001147
11,12,PMPI_Bcast,PMPI_Bcast,0.001139,0.001147
1,3,PMPI_Bcast,PMPI_Bcast,0.000587,0.001149
1,2,PMPI_Bcast,PMPI_Bcast,0.000587,0.00115
3,4,PMPI_Bcast,PMPI_Bcast,0.001094,0.00115
13,14,PMPI_Bcast,PMPI_Bcast,0.001147,0.001155
13,15,PMPI_Bcast,PMPI_Bcast,0.001147,0.001155
5,6,PMPI_Bcast,PMPI_Bcast,0.001147,0.001155
5,7,PMPI_Bcast,PMPI_Bcast,0.001147,0.001155
9,10,PMPI_Bcast,PMPI_Bcast,0.001147,0.001155
9,11,PMPI_Bcast,PMPI_Bcast,0.001147,0.001155
1,3,PMPI_Bcast,PMPI_Bcast,0.000587,0.001157
1,2,PMPI_Bcast,PMPI_Bcast,0.000587,0.001158
3,4,PMPI_Bcast,PMPI_Bcast,0.001102,0.001158
9,13,PMPI_Bcast,PMPI_Bcast,0.001147,0.001163
1,5,PMPI_Bcast,PMPI_Bcast,0.000587,0.001163
1,9,PMPI_Bcast,PMPI_Bcast,0.000587,0.001163
15,16,PMPI_Bcast,PMPI_Bcast,0.001155,0.001163
7,8,PMPI_Bcast,PMPI_Bcast,0.001155,0.001163
11,12,PMPI_Bcast,PMPI_Bcast,0.001155,0.001163
1,3,PMPI_Bcast,PMPI_Bcast,0.000587,0.001165
1,2,PMPI_Bcast,PMPI_Bcast,0.000587,0.001166
3,4,PMPI_Bcast,PMPI_Bcast,0.001109,0.001166
13,14,PMPI_Bcast,PMPI_Bcast,0.001163,0.001171
13,15,PMPI_Bcast,PMPI_Bcast,0.001163,0.001171
5,6,PMPI_Bcast,PMPI_Bcast,0.001163,0.001171
5,7,PMPI_Bcast,PMPI_Bcast,0.001163,0.001171
9,10,PMPI_Bcast,PMPI_Bcast,0.001163,0.001171
9,11,PMPI_Bcast,PMPI_Bcast,0.001163,0.001171
1,3,PMPI_Bcast,PMPI_Bcast,0.000587,0.001173
1,2,PMPI_Bcast,PMPI_Bcast,0.000587,0.001174
3,4,PMPI_Bcast,PMPI_Bcast,0.001117,0.001174
9,13,PMPI_Bcast,PMPI_Bcast,0.001163,0.001178
1,5,PMPI_Bcast,PMPI_Bcast,0.000587,0.001178
1,9,PMPI_Bcast,PMPI_Bcast,0.000587,0.001178
15,16,PMPI_Bcast,PMPI_Bcast,0.001171,0.001178
7,8,PMPI_Bcast,PMPI_Bcast,0.001171,0.001178
11,12,PMPI_Bcast,PMPI_Bcast,0.001171,0.001179
1,3,PMPI_Bcast,PMPI_Bcast,0.000587,0.001181
1,2,PMPI_Bcast,PMPI_Bcast,0.000587,0.001182
3,4,PMPI_Bcast,PMPI_Bcast,0.001125,0.001182
13,14,PMPI_Bcast,PMPI_Bcast,0.001178,0.001186
13,15,PMPI_Bcast,PMPI_Bcast,0.001178,0.001186
5,6,PMPI_Bcast,PMPI_Bcast,0.001178,0.001186
5,7,PMPI_Bcast,PMPI_Bcast,0.001178,0.001186
9,10,PMPI_Bcast,PMPI_Bcast,0.001178,0.001186
9,11,PMPI_Bcast,PMPI_Bcast,0.001178,0.001186
1,3,PMPI_Bcast,PMPI_Bcast,0.000587,0.001189
1,2,PMPI_Bcast,PMPI_Bcast,0.000587,0.00119
3,4,PMPI_Bcast,PMPI_Bcast,0.001133,0.00119
9,13,PMPI_Bcast,PMPI_Bcast,0.001178,0.001194
1,5,PMPI_Bcast,PMPI_Bcast,0.000587,0.001194
1,9,PMPI_Bcast,PMPI_Bcast,0.000587,0.001194
15,16,PMPI_Bcast,PMPI_Bcast,0.001186,0.001194
7,8,PMPI_Bcast,PMPI_Bcast,0.001186,0.001194
11,12,PMPI_Bcast,PMPI_Bcast,0.001186,0.001194
1,3,PMPI_Bcast,PMPI_Bcast,0.000587,0.001197
1,2,PMPI_Bcast,PMPI_Bcast,0.000587,0.001198
3,4,PMPI_Bcast,PMPI_Bcast,0.001141,0.001198
13,14,PMPI_Bcast,PMPI_Bcast,0.001194,0.001202
13,15,PMPI_Bcast,PMPI_Bcast,0.001194,0.001202
5,6,PMPI_Bcast,PMPI_Bcast,0.001194,0.001202
5,7,PMPI_Bcast,PMPI_Bcast,0.001194,0.001202
9,10,PMPI_Bcast,PMPI_Bcast,0.001194,0.001202
9,11,PMPI_Bcast,PMPI_Bcast,0.001194,0.001202
1,3,PMPI_Bcast,PMPI_Bcast,0.000587,0.001205
1,2,PMPI_Bcast,PMPI_Bcast,0.000587,0.001206
3,4,PMPI_Bcast,PMPI_Bcast,0.001149,0.001206
9,13,PMPI_Bcast,PMPI_Bcast,0.001194,0.00121
1,5,PMPI_Bcast,PMPI_Bcast,0.000587,0.00121
1,9,PMPI_Bcast,PMPI_Bcast,0.000587,0.00121
15,16,PMPI_Bcast,PMPI_Bcast,0.001202,0.00121
7,8,PMPI_Bcast,PMPI_Bcast,0.001202,0.00121
11,12,PMPI_Bcast,PMPI_Bcast,0.001202,0.00121
1,3,PMPI_Bcast,PMPI_Bcast,0.000587,0.001212
1,2,PMPI_Bcast,PMPI_Bcast,0.000587,0.001213
3,4,PMPI_Bcast,PMPI_Bcast,0.001157,0.001213
13,14,PMPI_Bcast,PMPI_Bcast,0.00121,0.001218
13,15,PMPI_Bcast,PMPI_Bcast,0.00121,0.001218
5,6,PMPI_Bcast,PMPI_Bcast,0.00121,0.001218
5,7,PMPI_Bcast,PMPI_Bcast,0.00121,0.001218
9,10,PMPI_Bcast,PMPI_Bcast,0.00121,0.001218
9,11,PMPI_Bcast,PMPI_Bcast,0.00121,0.001218
1,3,PMPI_Bcast,PMPI_Bcast,0.000587,0.00122
1,2,PMPI_Bcast,PMPI_Bcast,0.000587,0.001221
3,4,PMPI_Bcast,PMPI_Bcast,0.001165,0.001221
9,13,PMPI_Bcast,PMPI_Bcast,0.00121,0.001226
1,5,PMPI_Bcast,PMPI_Bcast,0.000587,0.001226
1,9,PMPI_Bcast,PMPI_Bcast,0.000587,0.001226
15,16,PMPI_Bcast,PMPI_Bcast,0.001218,0.001226
7,8,PMPI_Bcast,PMPI_Bcast,0.001218,0.001226
11,12,PMPI_Bcast,PMPI_Bcast,0.001218,0.001226
1,3,PMPI_Bcast,PMPI_Bcast,0.000587,0.001228
1,2,PMPI_Bcast,PMPI_Bcast,0.000587,0.001229
3,4,PMPI_Bcast,PMPI_Bcast,0.001173,0.001229
13,14,PMPI_Bcast,PMPI_Bcast,0.001226,0.001234
13,15,PMPI_Bcast,PMPI_Bcast,0.001226,0.001234
5,6,PMPI_Bcast,PMPI_Bcast,0.001226,0.001234
5,7,PMPI_Bcast,PMPI_Bcast,0.001226,0.001234
9,10,PMPI_Bcast,PMPI_Bcast,0.001226,0.001234
9,11,PMPI_Bcast,PMPI_Bcast,0.001226,0.001234
1,3,PMPI_Bcast,PMPI_Bcast,0.000587,0.001236
1,2,PMPI_Bcast,PMPI_Bcast,0.000587,0.001237
3,4,PMPI_Bcast,PMPI_Bcast,0.001181,0.001237
9,13,PMPI_Bcast,PMPI_Bcast,0.001226,0.001241
1,5,PMPI_Bcast,PMPI_Bcast,0.000587,0.001241
1,9,PMPI_Bcast,PMPI_Bcast,0.000587,0.001242
15,16,PMPI_Bcast,PMPI_Bcast,0.001234,0.001242
7,8,PMPI_Bcast,PMPI_Bcast,0.001234,0.001242
11,12,PMPI_Bcast,PMPI_Bcast,0.001234,0.001242
1,3,PMPI_Bcast,PMPI_Bcast,0.000587,0.001244
1,2,PMPI_Bcast,PMPI_Bcast,0.000587,0.001245
3,4,PMPI_Bcast,PMPI_Bcast,0.001189,0.001245
13,14,PMPI_Bcast,PMPI_Bcast,0.001241,0.00125
13,15,PMPI_Bcast,PMPI_Bcast,0.001241,0.00125
5,6,PMPI_Bcast,PMPI_Bcast,0.001241,0.00125
5,7,PMPI_Bcast,PMPI_Bcast,0.001241,0.00125
9,10,PMPI_Bcast,PMPI_Bcast,0.001242,0.00125
9,11,PMPI_Bcast,PMPI_Bcast,0.001242,0.00125
1,3,PMPI_Bcast,PMPI_Bcast,0.000587,0.001252
1,2,PMPI_Bcast,PMPI_Bcast,0.000587,0.001253
3,4,PMPI_Bcast,PMPI_Bcast,0.001197,0.001253
9,13,PMPI_Bcast,PMPI_Bcast,0.001242,0.001257
1,5,PMPI_Bcast,PMPI_Bcast,0.000587,0.001257
1,9,PMPI_Bcast,PMPI_Bcast,0.000587,0.001257
15,16,PMPI_Bcast,PMPI_Bcast,0.00125,0.001257
7,8,PMPI_Bcast,PMPI_Bcast,0.00125,0.001257
11,12,PMPI_Bcast,PMPI_Bcast,0.00125,0.001257
1,3,PMPI_Bcast,PMPI_Bcast,0.000587,0.00126
1,2,PMPI_Bcast,PMPI_Bcast,0.000587,0.001261
3,4,PMPI_Bcast,PMPI_Bcast,0.001205,0.001261
13,14,PMPI_Bcast,PMPI_Bcast,0.001257,0.001265
13,15,PMPI_Bcast,PMPI_Bcast,0.001257,0.001265
5,6,PMPI_Bcast,PMPI_Bcast,0.001257,0.001265
5,7,PMPI_Bcast,PMPI_Bcast,0.001257,0.001265
9,10,PMPI_Bcast,PMPI_Bcast,0.001257,0.001265
9,11,PMPI_Bcast,PMPI_Bcast,0.001257,0.001265
1,3,PMPI_Bcast,PMPI_Bcast,0.000587,0.001268
1,2,PMPI_Bcast,PMPI_Bcast,0.000587,0.001269
3,4,PMPI_Bcast,PMPI_Bcast,0.001212,0.001269
9,13,PMPI_Bcast,PMPI_Bcast,0.001257,0.001273
1,5,PMPI_Bcast,PMPI_Bcast,0.000587,0.001273
1,9,PMPI_Bcast,PMPI_Bcast,0.000587,0.001273
15,16,PMPI_Bcast,PMPI_Bcast,0.001265,0.001273
7,8,PMPI_Bcast,PMPI_Bcast,0.001265,0.001273
11,12,PMPI_Bcast,PMPI_Bcast,0.001265,0.001273
1,3,PMPI_Bcast,PMPI_Bcast,0.000587,0.001276
1,2,PMPI_Bcast,PMPI_Bcast,0.000587,0.001277
3,4,PMPI_Bcast,PMPI_Bcast,0.00122,0.001277
13,14,PMPI_Bcast,PMPI_Bcast,0.001273,0.001281
13,15,PMPI_Bcast,PMPI_Bcast,0.001273,0.001281
5,6,PMPI_Bcast,PMPI_Bcast,0.001273,0.001281
5,7,PMPI_Bcast,PMPI_Bcast,0.001273,0.001281
9,10,PMPI_Bcast,PMPI_Bcast,0.001273,0.001281
9,11,PMPI_Bcast,PMPI_Bcast,0.001273,0.001281
1,3,PMPI_Bcast,PMPI_Bcast,0.000587,0.001284
1,2,PMPI_Bcast,PMPI_Bcast,0.000587,0.001285
3,4,PMPI_Bcast,PMPI_Bcast,0.001228,0.001285
9,13,PMPI_Bcast,PMPI_Bcast,0.001273,0.001289
1,5,PMPI_Bcast,PMPI_Bcast,0.000587,0.001289
1,9,PMPI_Bcast,PMPI_Bcast,0.000587,0.001289
15,16,PMPI_Bcast,PMPI_Bcast,0.001281,0.001289
7,8,PMPI_Bcast,PMPI_Bcast,0.001281,0.001289
11,12,PMPI_Bcast,PMPI_Bcast,0.001281,0.001289
1,3,PMPI_Bcast,PMPI_Bcast,0.000587,0.001292
1,2,PMPI_Bcast,PMPI_Bcast,0.000587,0.001293
3,4,PMPI_Bcast,PMPI_Bcast,0.001236,0.001293
13,14,PMPI_Bcast,PMPI_Bcast,0.001289,0.001297
13,15,PMPI_Bcast,PMPI_Bcast,0.001289,0.001297
5,6,PMPI_Bcast,PMPI_Bcast,0.001289,0.001297
5,7,PMPI_Bcast,PMPI_Bcast,0.001289,0.001297
9,10,PMPI_Bcast,PMPI_Bcast,0.001289,0.001297
9,11,PMPI_Bcast,PMPI_Bcast,0.001289,0.001297
1,3,PMPI_Bcast,PMPI_Bcast,0.000587,0.0013
1,2,PMPI_Bcast,PMPI_Bcast,0.000587,0.001301
3,4,PMPI_Bcast,PMPI_Bcast,0.001244,0.001301
9,13,PMPI_Bcast,PMPI_Bcast,0.001289,0.001305
1,5,PMPI_Bcast,PMPI_Bcast,0.000587,0.001305
1,9,PMPI_Bcast,PMPI_Bcast,0.000587,0.001305
15,16,PMPI_Bcast,PMPI_Bcast,0.001297,0.001305
7,8,PMPI_Bcast,PMPI_Bcast,0.001297,0.001305
11,12,PMPI_Bcast,PMPI_Bcast,0.001297,0.001305
1,3,PMPI_Bcast,PMPI_Bcast,0.000587,0.001308
1,2,PMPI_Bcast,PMPI_Bcast,0.000587,0.001309
3,4,PMPI_Bcast,PMPI_Bcast,0.001252,0.001309
13,14,PMPI_Bcast,PMPI_Bcast,0.001305,0.001313
13,15,PMPI_Bcast,PMPI_Bcast,0.001305,0.001313
5,6,PMPI_Bcast,PMPI_Bcast,0.001305,0.001313
5,7,PMPI_Bcast,PMPI_Bcast,0.001305,0.001313
9,10,PMPI_Bcast,PMPI_Bcast,0.001305,0.001313
9,11,PMPI_Bcast,PMPI_Bcast,0.001305,0.001313
1,3,PMPI_Bcast,PMPI_Bcast,0.000587,0.001315
1,2,PMPI_Bcast,PMPI_Bcast,0.000587,0.001316
3,4,PMPI_Bcast,PMPI_Bcast,0.00126,0.001316
9,13,PMPI_Bcast,PMPI_Bcast,0.001305,0.00132
1,5,PMPI_Bcast,PMPI_Bcast,0.000587,0.00132
1,9,PMPI_Bcast,PMPI_Bcast,0.000587,0.00132
15,16,PMPI_Bcast,PMPI_Bcast,0.001313,0.001321
7,8,PMPI_Bcast,PMPI_Bcast,0.001313,0.001321
11,12,PMPI_Bcast,PMPI_Bcast,0.001313,0.001321
1,3,PMPI_Bcast,PMPI_Bcast,0.000587,0.001323
1,2,PMPI_Bcast,PMPI_Bcast,0.000587,0.001324
3,4,PMPI_Bcast,PMPI_Bcast,0.001268,0.001324
13,14,PMPI_Bcast,PMPI_Bcast,0.00132,0.001328
13,15,PMPI_Bcast,PMPI_Bcast,0.00132,0.001328
5,6,PMPI_Bcast,PMPI_Bcast,0.00132,0.001328
5,7,PMPI_Bcast,PMPI_Bcast,0.00132,0.001328
9,10,PMPI_Bcast,PMPI_Bcast,0.00132,0.001329
9,11,PMPI_Bcast,PMPI_Bcast,0.00132,0.001329
1,3,PMPI_Bcast,PMPI_Bcast,0.000587,0.001331
1,2,PMPI_Bcast,PMPI_Bcast,0.000587,0.001332
3,4,PMPI_Bcast,PMPI_Bcast,0.001276,0.001332
9,13,PMPI_Bcast,PMPI_Bcast,0.00132,0.001336
1,5,PMPI_Bcast,PMPI_Bcast,0.000587,0.001336
1,9,PMPI_Bcast,PMPI_Bcast,0.000587,0.001336
15,16,PMPI_Bcast,PMPI_Bcast,0.001328,0.001336
7,8,PMPI_Bcast,PMPI_Bcast,0.001328,0.001336
11,12,PMPI_Bcast,PMPI_Bcast,0.001329,0.001336
1,3,PMPI_Bcast,PMPI_Bcast,0.000587,0.001339
3,4,PMPI_Bcast,PMPI_Bcast,0.001284,0.00134
1,2,PMPI_Bcast,PMPI_Bcast,0.000587,0.001344
13,14,PMPI_Bcast,PMPI_Bcast,0.001336,0.001344
13,15,PMPI_Bcast,PMPI_Bcast,0.001336,0.001344
5,6,PMPI_Bcast,PMPI_Bcast,0.001336,0.001344
5,7,PMPI_Bcast,PMPI_Bcast,0.001336,0.001344
9,10,PMPI_Bcast,PMPI_Bcast,0.001336,0.001344
9,11,PMPI_Bcast,PMPI_Bcast,0.001336,0.001344
1,3,PMPI_Bcast,PMPI_Bcast,0.000587,0.001347
3,4,PMPI_Bcast,PMPI_Bcast,0.001292,0.001348
1,2,PMPI_Bcast,PMPI_Bcast,0.000587,0.001352
9,13,PMPI_Bcast,PMPI_Bcast,0.001336,0.001352
1,5,PMPI_Bcast,PMPI_Bcast,0.000587,0.001352
1,9,PMPI_Bcast,PMPI_Bcast,0.000587,0.001352
15,16,PMPI_Bcast,PMPI_Bcast,0.001344,0.001352
7,8,PMPI_Bcast,PMPI_Bcast,0.001344,0.001352
11,12,PMPI_Bcast,PMPI_Bcast,0.001344,0.001352
1,3,PMPI_Bcast,PMPI_Bcast,0.000587,0.001355
3,4,PMPI_Bcast,PMPI_Bcast,0.0013,0.001356
1,2,PMPI_Bcast,PMPI_Bcast,0.000587,0.00136
13,14,PMPI_Bcast,PMPI_Bcast,0.001352,0.00136
13,15,PMPI_Bcast,PMPI_Bcast,0.001352,0.00136
5,6,PMPI_Bcast,PMPI_Bcast,0.001352,0.00136
5,7,PMPI_Bcast,PMPI_Bcast,0.001352,0.00136
9,10,PMPI_Bcast,PMPI_Bcast,0.001352,0.00136
9,11,PMPI_Bcast,PMPI_Bcast,0.001352,0.00136
1,3,PMPI_Bcast,PMPI_Bcast,0.000587,0.001363
3,4,PMPI_Bcast,PMPI_Bcast,0.001308,0.001364
1,2,PMPI_Bcast,PMPI_Bcast,0.000587,0.001367
9,13,PMPI_Bcast,PMPI_Bcast,0.001352,0.001368
1,5,PMPI_Bcast,PMPI_Bcast,0.000587,0.001368
1,9,PMPI_Bcast,PMPI_Bcast,0.000587,0.001368
15,16,PMPI_Bcast,PMPI_Bcast,0.00136,0.001368
7,8,PMPI_Bcast,PMPI_Bcast,0.00136,0.001368
11,12,PMPI_Bcast,PMPI_Bcast,0.00136,0.001368
1,3,PMPI_Bcast,PMPI_Bcast,0.000587,0.001371
3,4,PMPI_Bcast,PMPI_Bcast,0.001315,0.001372
1,2,PMPI_Bcast,PMPI_Bcast,0.000587,0.001375
13,14,PMPI_Bcast,PMPI_Bcast,0.001368,0.001376
13,15,PMPI_Bcast,PMPI_Bcast,0.001368,0.001376
5,6,PMPI_Bcast,PMPI_Bcast,0.001368,0.001376
5,7,PMPI_Bcast,PMPI_Bcast,0.001368,0.001376
9,10,PMPI_Bcast,PMPI_Bcast,0.001368,0.001376
9,11,PMPI_Bcast,PMPI_Bcast,0.001368,0.001376
1,3,PMPI_Bcast,PMPI_Bcast,0.000587,0.001379
3,4,PMPI_Bcast,PMPI_Bcast,0.001323,0.00138
1,2,PMPI_Bcast,PMPI_Bcast,0.000587,0.001383
9,13,PMPI_Bcast,PMPI_Bcast,0.001368,0.001384
1,5,PMPI_Bcast,PMPI_Bcast,0.000587,0.001384
1,9,PMPI_Bcast,PMPI_Bcast,0.000587,0.001384
15,16,PMPI_Bcast,PMPI_Bcast,0.001376,0.001384
7,8,PMPI_Bcast,PMPI_Bcast,0.001376,0.001384
11,12,PMPI_Bcast,PMPI_Bcast,0.001376,0.001384
1,3,PMPI_Bcast,PMPI_Bcast,0.000587,0.001387
3,4,PMPI_Bcast,PMPI_Bcast,0.001331,0.001388
1,2,PMPI_Bcast,PMPI_Bcast,0.000587,0.001391
13,14,PMPI_Bcast,PMPI_Bcast,0.001384,0.001392
13,15,PMPI_Bcast,PMPI_Bcast,0.001384,0.001392
5,6,PMPI_Bcast,PMPI_Bcast,0.001384,0.001392
5,7,PMPI_Bcast,PMPI_Bcast,0.001384,0.001392
9,10,PMPI_Bcast,PMPI_Bcast,0.001384,0.001392
9,11,PMPI_Bcast,PMPI_Bcast,0.001384,0.001392
1,3,PMPI_Bcast,PMPI_Bcast,0.000587,0.001395
3,4,PMPI_Bcast,PMPI_Bcast,0.001339,0.001396
1,2,PMPI_Bcast,PMPI_Bcast,0.000587,0.001399
9,13,PMPI_Bcast,PMPI_Bcast,0.001384,0.001399
1,5,PMPI_Bcast,PMPI_Bcast,0.000587,0.001399
1,9,PMPI_Bcast,PMPI_Bcast,0.000587,0.001399
15,16,PMPI_Bcast,PMPI_Bcast,0.001392,0.0014
7,8,PMPI_Bcast,PMPI_Bcast,0.001392,0.0014
11,12,PMPI_Bcast,PMPI_Bcast,0.001392,0.0014
1,3,PMPI_Bcast,PMPI_Bcast,0.000587,0.001403
3,4,PMPI_Bcast,PMPI_Bcast,0.001347,0.001404
1,2,PMPI_Bcast,PMPI_Bcast,0.000587,0.001407
13,14,PMPI_Bcast,PMPI_Bcast,0.001399,0.001407
13,15,PMPI_Bcast,PMPI_Bcast,0.001399,0.001407
5,6,PMPI_Bcast,PMPI_Bcast,0.001399,0.001407
5,7,PMPI_Bcast,PMPI_Bcast,0.001399,0.001407
9,10,PMPI_Bcast,PMPI_Bcast,0.001399,0.001407
9,11,PMPI_Bcast,PMPI_Bcast,0.001399,0.001407
1,3,PMPI_Bcast,PMPI_Bcast,0.000587,0.001411
3,4,PMPI_Bcast,PMPI_Bcast,0.001355,0.001412
9,13,PMPI_Bcast,PMPI_Bcast,0.001399,0.001415
1,5,PMPI_Bcast,PMPI_Bcast,0.000587,0.001415
1,9,PMPI_Bcast,PMPI_Bcast,0.000587,0.001415
15,16,PMPI_Bcast,PMPI_Bcast,0.001407,0.001415
7,8,PMPI_Bcast,PMPI_Bcast,0.001407,0.001415
11,12,PMPI_Bcast,PMPI_Bcast,0.001407,0.001415
1,3,PMPI_Bcast,PMPI_Bcast,0.000587,0.001418
3,4,PMPI_Bcast,PMPI_Bcast,0.001363,0.001419
13,14,PMPI_Bcast,PMPI_Bcast,0.001415,0.001423
13,15,PMPI_Bcast,PMPI_Bcast,0.001415,0.001423
5,6,PMPI_Bcast,PMPI_Bcast,0.001415,0.001423
5,7,PMPI_Bcast,PMPI_Bcast,0.001415,0.001423
9,10,PMPI_Bcast,PMPI_Bcast,0.001415,0.001423
9,11,PMPI_Bcast,PMPI_Bcast,0.001415,0.001423
1,3,PMPI_Bcast,PMPI_Bcast,0.000587,0.001426
3,4,PMPI_Bcast,PMPI_Bcast,0.001371,0.001427
9,13,PMPI_Bcast,PMPI_Bcast,0.001415,0.001431
1,5,PMPI_Bcast,PMPI_Bcast,0.000587,0.001431
1,9,PMPI_Bcast,PMPI_Bcast,0.000587,0.001431
15,16,PMPI_Bcast,PMPI_Bcast,0.001423,0.001431
7,8,PMPI_Bcast,PMPI_Bcast,0.001423,0.001431
11,12,PMPI_Bcast,PMPI_Bcast,0.001423,0.001431
1,3,PMPI_Bcast,PMPI_Bcast,0.000587,0.001434
3,4,PMPI_Bcast,PMPI_Bcast,0.001379,0.001435
13,14,PMPI_Bcast,PMPI_Bcast,0.001431,0.001439
13,15,PMPI_Bcast,PMPI_Bcast,0.001431,0.001439
5,6,PMPI_Bcast,PMPI_Bcast,0.001431,0.001439
5,7,PMPI_Bcast,PMPI_Bcast,0.001431,0.001439
9,10,PMPI_Bcast,PMPI_Bcast,0.001431,0.001439
9,11,PMPI_Bcast,PMPI_Bcast,0.001431,0.001439
1,3,PMPI_Bcast,PMPI_Bcast,0.000587,0.001442
3,4,PMPI_Bcast,PMPI_Bcast,0.001387,0.001443
9,13,PMPI_Bcast,PMPI_Bcast,0.001431,0.001447
1,5,PMPI_Bcast,PMPI_Bcast,0.000587,0.001447
1,9,PMPI_Bcast,PMPI_Bcast,0.000587,0.001447
15,16,PMPI_Bcast,PMPI_Bcast,0.001439,0.001447
7,8,PMPI_Bcast,PMPI_Bcast,0.001439,0.001447
11,12,PMPI_Bcast,PMPI_Bcast,0.001439,0.001447
1,3,PMPI_Bcast,PMPI_Bcast,0.000587,0.00145
3,4,PMPI_Bcast,PMPI_Bcast,0.001395,0.001451
13,14,PMPI_Bcast,PMPI_Bcast,0.001447,0.001455
13,15,PMPI_Bcast,PMPI_Bcast,0.001447,0.001455
5,6,PMPI_Bcast,PMPI_Bcast,0.001447,0.001455
5,7,PMPI_Bcast,PMPI_Bcast,0.001447,0.001455
9,10,PMPI_Bcast,PMPI_Bcast,0.001447,0.001455
9,11,PMPI_Bcast,PMPI_Bcast,0.001447,0.001455
1,3,PMPI_Bcast,PMPI_Bcast,0.000587,0.001458
3,4,PMPI_Bcast,PMPI_Bcast,0.001403,0.001459
9,13,PMPI_Bcast,PMPI_Bcast,0.001447,0.001463
1,5,PMPI_Bcast,PMPI_Bcast,0.000587,0.001463
1,9,PMPI_Bcast,PMPI_Bcast,0.000587,0.001463
15,16,PMPI_Bcast,PMPI_Bcast,0.001455,0.001463
7,8,PMPI_Bcast,PMPI_Bcast,0.001455,0.001463
11,12,PMPI_Bcast,PMPI_Bcast,0.001455,0.001463
1,3,PMPI_Bcast,PMPI_Bcast,0.000587,0.001466
3,4,PMPI_Bcast,PMPI_Bcast,0.001411,0.001467
13,14,PMPI_Bcast,PMPI_Bcast,0.001463,0.001471
13,15,PMPI_Bcast,PMPI_Bcast,0.001463,0.001471
5,6,PMPI_Bcast,PMPI_Bcast,0.001463,0.001471
5,7,PMPI_Bcast,PMPI_Bcast,0.001463,0.001471
9,10,PMPI_Bcast,PMPI_Bcast,0.001463,0.001471
9,11,PMPI_Bcast,PMPI_Bcast,0.001463,0.001471
3,4,PMPI_Bcast,PMPI_Bcast,0.001418,0.001475
9,13,PMPI_Bcast,PMPI_Bcast,0.001463,0.001478
1,5,PMPI_Bcast,PMPI_Bcast,0.000587,0.001478
1,9,PMPI_Bcast,PMPI_Bcast,0.000587,0.001478
15,16,PMPI_Bcast,PMPI_Bcast,0.001471,0.001479
7,8,PMPI_Bcast,PMPI_Bcast,0.001471,0.001479
11,12,PMPI_Bcast,PMPI_Bcast,0.001471,0.001479
3,4,PMPI_Bcast,PMPI_Bcast,0.001426,0.001483
13,14,PMPI_Bcast,PMPI_Bcast,0.001478,0.001486
13,15,PMPI_Bcast,PMPI_Bcast,0.001478,0.001486
5,6,PMPI_Bcast,PMPI_Bcast,0.001478,0.001486
5,7,PMPI_Bcast,PMPI_Bcast,0.001478,0.001486
9,10,PMPI_Bcast,PMPI_Bcast,0.001478,0.001486
9,11,PMPI_Bcast,PMPI_Bcast,0.001478,0.001486
3,4,PMPI_Bcast,PMPI_Bcast,0.001434,0.001491
9,13,PMPI_Bcast,PMPI_Bcast,0.001478,0.001494
1,5,PMPI_Bcast,PMPI_Bcast,0.000587,0.001494
1,9,PMPI_Bcast,PMPI_Bcast,0.000587,0.001494
15,16,PMPI_Bcast,PMPI_Bcast,0.001486,0.001494
7,8,PMPI_Bcast,PMPI_Bcast,0.001486,0.001494
11,12,PMPI_Bcast,PMPI_Bcast,0.001486,0.001494
3,4,PMPI_Bcast,PMPI_Bcast,0.001442,0.001499
13,14,PMPI_Bcast,PMPI_Bcast,0.001494,0.001502
13,15,PMPI_Bcast,PMPI_Bcast,0.001494,0.001502
5,6,PMPI_Bcast,PMPI_Bcast,0.001494,0.001502
5,7,PMPI_Bcast,PMPI_Bcast,0.001494,0.001502
9,10,PMPI_Bcast,PMPI_Bcast,0.001494,0.001502
9,11,PMPI_Bcast,PMPI_Bcast,0.001494,0.001502
3,4,PMPI_Bcast,PMPI_Bcast,0.00145,0.001507
9,13,PMPI_Bcast,PMPI_Bcast,0.001494,0.00151
1,5,PMPI_Bcast,PMPI_Bcast,0.000587,0.00151
1,9,PMPI_Bcast,PMPI_Bcast,0.000587,0.00151
15,16,PMPI_Bcast,PMPI_Bcast,0.001502,0.00151
7,8,PMPI_Bcast,PMPI_Bcast,0.001502,0.00151
11,12,PMPI_Bcast,PMPI_Bcast,0.001502,0.00151
3,4,PMPI_Bcast,PMPI_Bcast,0.001458,0.001515
13,14,PMPI_Bcast,PMPI_Bcast,0.00151,0.001518
13,15,PMPI_Bcast,PMPI_Bcast,0.00151,0.001518
5,6,PMPI_Bcast,PMPI_Bcast,0.00151,0.001518
5,7,PMPI_Bcast,PMPI_Bcast,0.00151,0.001518
9,10,PMPI_Bcast,PMPI_Bcast,0.00151,0.001518
9,11,PMPI_Bcast,PMPI_Bcast,0.00151,0.001518
3,4,PMPI_Bcast,PMPI_Bcast,0.001466,0.001522
9,13,PMPI_Bcast,PMPI_Bcast,0.00151,0.001526
1,5,PMPI_Bcast,PMPI_Bcast,0.000587,0.001526
1,9,PMPI_Bcast,PMPI_Bcast,0.000587,0.001526
15,16,PMPI_Bcast,PMPI_Bcast,0.001518,0.001526
7,8,PMPI_Bcast,PMPI_Bcast,0.001518,0.001526
11,12,PMPI_Bcast,PMPI_Bcast,0.001518,0.001526
13,14,PMPI_Bcast,PMPI_Bcast,0.001526,0.001534
13,15,PMPI_Bcast,PMPI_Bcast,0.001526,0.001534
5,6,PMPI_Bcast,PMPI_Bcast,0.001526,0.001534
5,7,PMPI_Bcast,PMPI_Bcast,0.001526,0.001534
9,10,PMPI_Bcast,PMPI_Bcast,0.001526,0.001534
9,11,PMPI_Bcast,PMPI_Bcast,0.001526,0.001534
1,5,PMPI_Bcast,PMPI_Bcast,0.000587,0.001542
1,9,PMPI_Bcast,PMPI_Bcast,0.000587,0.001542
15,16,PMPI_Bcast,PMPI_Bcast,0.001534,0.001542
7,8,PMPI_Bcast,PMPI_Bcast,0.001534,0.001542
11,12,PMPI_Bcast,PMPI_Bcast,0.001534,0.001542
9,13,PMPI_Bcast,PMPI_Bcast,0.001526,0.001542
5,6,PMPI_Bcast,PMPI_Bcast,0.001542,0.00155
5,7,PMPI_Bcast,PMPI_Bcast,0.001542,0.00155
9,10,PMPI_Bcast,PMPI_Bcast,0.001542,0.00155
9,11,PMPI_Bcast,PMPI_Bcast,0.001542,0.00155
13,14,PMPI_Bcast,PMPI_Bcast,0.001542,0.001551
13,15,PMPI_Bcast,PMPI_Bcast,0.001542,0.001551
1,5,PMPI_Bcast,PMPI_Bcast,0.000587,0.001557
1,9,PMPI_Bcast,PMPI_Bcast,0.000587,0.001557
7,8,PMPI_Bcast,PMPI_Bcast,0.00155,0.001558
11,12,PMPI_Bcast,PMPI_Bcast,0.00155,0.001558
9,13,PMPI_Bcast,PMPI_Bcast,0.001542,0.001558
15,16,PMPI_Bcast,PMPI_Bcast,0.001551,0.001558
5,6,PMPI_Bcast,PMPI_Bcast,0.001557,0.001565
5,7,PMPI_Bcast,PMPI_Bcast,0.001557,0.001565
9,10,PMPI_Bcast,PMPI_Bcast,0.001557,0.001565
9,11,PMPI_Bcast,PMPI_Bcast,0.001557,0.001565
13,14,PMPI_Bcast,PMPI_Bcast,0.001558,0.001566
13,15,PMPI_Bcast,PMPI_Bcast,0.001558,0.001566
1,5,PMPI_Bcast,PMPI_Bcast,0.000587,0.001573
1,9,PMPI_Bcast,PMPI_Bcast,0.000587,0.001573
7,8,PMPI_Bcast,PMPI_Bcast,0.001565,0.001573
11,12,PMPI_Bcast,PMPI_Bcast,0.001565,0.001573
9,13,PMPI_Bcast,PMPI_Bcast,0.001557,0.001574
15,16,PMPI_Bcast,PMPI_Bcast,0.001566,0.001574
5,6,PMPI_Bcast,PMPI_Bcast,0.001573,0.001581
5,7,PMPI_Bcast,PMPI_Bcast,0.001573,0.001581
9,10,PMPI_Bcast,PMPI_Bcast,0.001573,0.001581
9,11,PMPI_Bcast,PMPI_Bcast,0.001573,0.001581
13,14,PMPI_Bcast,PMPI_Bcast,0.001574,0.001582
13,15,PMPI_Bcast,PMPI_Bcast,0.001574,0.001582
1,5,PMPI_Bcast,PMPI_Bcast,0.000587,0.001589
1,9,PMPI_Bcast,PMPI_Bcast,0.000587,0.001589
7,8,PMPI_Bcast,PMPI_Bcast,0.001581,0.001589
11,12,PMPI_Bcast,PMPI_Bcast,0.001581,0.001589
9,13,PMPI_Bcast,PMPI_Bcast,0.001573,0.00159
15,16,PMPI_Bcast,PMPI_Bcast,0.001582,0.00159
5,6,PMPI_Bcast,PMPI_Bcast,0.001589,0.001597
5,7,PMPI_Bcast,PMPI_Bcast,0.001589,0.001597
9,10,PMPI_Bcast,PMPI_Bcast,0.001589,0.001597
9,11,PMPI_Bcast,PMPI_Bcast,0.001589,0.001597
13,14,PMPI_Bcast,PMPI_Bcast,0.00159,0.001598
13,15,PMPI_Bcast,PMPI_Bcast,0.00159,0.001598
1,5,PMPI_Bcast,PMPI_Bcast,0.000587,0.001605
1,9,PMPI_Bcast,PMPI_Bcast,0.000587,0.001605
7,8,PMPI_Bcast,PMPI_Bcast,0.001597,0.001605
11,12,PMPI_Bcast,PMPI_Bcast,0.001597,0.001605
9,13,PMPI_Bcast,PMPI_Bcast,0.001589,0.001605
15,16,PMPI_Bcast,PMPI_Bcast,0.001598,0.001606
5,6,PMPI_Bcast,PMPI_Bcast,0.001605,0.001613
5,7,PMPI_Bcast,PMPI_Bcast,0.001605,0.001613
9,10,PMPI_Bcast,PMPI_Bcast,0.001605,0.001613
9,11,PMPI_Bcast,PMPI_Bcast,0.001605,0.001613
13,14,PMPI_Bcast,PMPI_Bcast,0.001605,0.001613
13,15,PMPI_Bcast,PMPI_Bcast,0.001605,0.001613
1,5,PMPI_Bcast,PMPI_Bcast,0.000587,0.001621
1,9,PMPI_Bcast,PMPI_Bcast,0.000587,0.001621
7,8,PMPI_Bcast,PMPI_Bcast,0.001613,0.001621
11,12,PMPI_Bcast,PMPI_Bcast,0.001613,0.001621
9,13,PMPI_Bcast,PMPI_Bcast,0.001605,0.001621
15,16,PMPI_Bcast,PMPI_Bcast,0.001613,0.001621
5,6,PMPI_Bcast,PMPI_Bcast,0.001621,0.001629
5,7,PMPI_Bcast,PMPI_Bcast,0.001621,0.001629
9,10,PMPI_Bcast,PMPI_Bcast,0.001621,0.001629
9,11,PMPI_Bcast,PMPI_Bcast,0.001621,0.001629
13,14,PMPI_Bcast,PMPI_Bcast,0.001621,0.001629
13,15,PMPI_Bcast,PMPI_Bcast,0.001621,0.001629
1,5,PMPI_Bcast,PMPI_Bcast,0.000587,0.001636
1,9,PMPI_Bcast,PMPI_Bcast,0.000587,0.001636
7,8,PMPI_Bcast,PMPI_Bcast,0.001629,0.001637
11,12,PMPI_Bcast,PMPI_Bcast,0.001629,0.001637
9,13,PMPI_Bcast,PMPI_Bcast,0.001621,0.001637
15,16,PMPI_Bcast,PMPI_Bcast,0.001629,0.001637
5,6,PMPI_Bcast,PMPI_Bcast,0.001636,0.001644
5,7,PMPI_Bcast,PMPI_Bcast,0.001636,0.001644
9,10,PMPI_Bcast,PMPI_Bcast,0.001636,0.001644
9,11,PMPI_Bcast,PMPI_Bcast,0.001636,0.001644
13,14,PMPI_Bcast,PMPI_Bcast,0.001637,0.001645
13,15,PMPI_Bcast,PMPI_Bcast,0.001637,0.001645
1,5,PMPI_Bcast,PMPI_Bcast,0.000587,0.001652
1,9,PMPI_Bcast,PMPI_Bcast,0.000587,0.001652
7,8,PMPI_Bcast,PMPI_Bcast,0.001644,0.001652
11,12,PMPI_Bcast,PMPI_Bcast,0.001644,0.001652
9,13,PMPI_Bcast,PMPI_Bcast,0.001636,0.001653
15,16,PMPI_Bcast,PMPI_Bcast,0.001645,0.001653
5,6,PMPI_Bcast,PMPI_Bcast,0.001652,0.00166
5,7,PMPI_Bcast,PMPI_Bcast,0.001652,0.00166
9,10,PMPI_Bcast,PMPI_Bcast,0.001652,0.00166
9,11,PMPI_Bcast,PMPI_Bcast,0.001652,0.00166
13,14,PMPI_Bcast,PMPI_Bcast,0.001653,0.001661
13,15,PMPI_Bcast,PMPI_Bcast,0.001653,0.001661
1,5,PMPI_Bcast,PMPI_Bcast,0.000587,0.001668
1,9,PMPI_Bcast,PMPI_Bcast,0.000587,0.001668
7,8,PMPI_Bcast,PMPI_Bcast,0.00166,0.001668
11,12,PMPI_Bcast,PMPI_Bcast,0.00166,0.001668
9,13,PMPI_Bcast,PMPI_Bcast,0.001652,0.001668
15,16,PMPI_Bcast,PMPI_Bcast,0.001661,0.001669
5,6,PMPI_Bcast,PMPI_Bcast,0.001668,0.001676
5,7,PMPI_Bcast,PMPI_Bcast,0.001668,0.001676
9,10,PMPI_Bcast,PMPI_Bcast,0.001668,0.001676
9,11,PMPI_Bcast,PMPI_Bcast,0.001668,0.001676
13,14,PMPI_Bcast,PMPI_Bcast,0.001668,0.001676
13,15,PMPI_Bcast,PMPI_Bcast,0.001668,0.001676
1,5,PMPI_Bcast,PMPI_Bcast,0.000587,0.001684
1,9,PMPI_Bcast,PMPI_Bcast,0.000587,0.001684
7,8,PMPI_Bcast,PMPI_Bcast,0.001676,0.001684
11,12,PMPI_Bcast,PMPI_Bcast,0.001676,0.001684
9,13,PMPI_Bcast,PMPI_Bcast,0.001668,0.001684
15,16,PMPI_Bcast,PMPI_Bcast,0.001676,0.001684
5,6,PMPI_Bcast,PMPI_Bcast,0.001684,0.001692
5,7,PMPI_Bcast,PMPI_Bcast,0.001684,0.001692
9,10,PMPI_Bcast,PMPI_Bcast,0.001684,0.001692
9,11,PMPI_Bcast,PMPI_Bcast,0.001684,0.001692
13,14,PMPI_Bcast,PMPI_Bcast,0.001684,0.001692
13,15,PMPI_Bcast,PMPI_Bcast,0.001684,0.001692
1,5,PMPI_Bcast,PMPI_Bcast,0.000587,0.0017
1,9,PMPI_Bcast,PMPI_Bcast,0.000587,0.0017
7,8,PMPI_Bcast,PMPI_Bcast,0.001692,0.0017
9,13,PMPI_Bcast,PMPI_Bcast,0.001684,0.0017
11,12,PMPI_Bcast,PMPI_Bcast,0.001692,0.0017
15,16,PMPI_Bcast,PMPI_Bcast,0.001692,0.0017
5,6,PMPI_Bcast,PMPI_Bcast,0.0017,0.001708
5,7,PMPI_Bcast,PMPI_Bcast,0.0017,0.001708
9,10,PMPI_Bcast,PMPI_Bcast,0.0017,0.001708
9,11,PMPI_Bcast,PMPI_Bcast,0.0017,0.001708
13,14,PMPI_Bcast,PMPI_Bcast,0.0017,0.001708
13,15,PMPI_Bcast,PMPI_Bcast,0.0017,0.001708
1,5,PMPI_Bcast,PMPI_Bcast,0.000587,0.001715
1,9,PMPI_Bcast,PMPI_Bcast,0.000587,0.001715
9,13,PMPI_Bcast,PMPI_Bcast,0.0017,0.001715
7,8,PMPI_Bcast,PMPI_Bcast,0.001708,0.001715
11,12,PMPI_Bcast,PMPI_Bcast,0.001708,0.001716
15,16,PMPI_Bcast,PMPI_Bcast,0.001708,0.001716
5,6,PMPI_Bcast,PMPI_Bcast,0.001715,0.001723
5,7,PMPI_Bcast,PMPI_Bcast,0.001715,0.001723
9,10,PMPI_Bcast,PMPI_Bcast,0.001715,0.001723
9,11,PMPI_Bcast,PMPI_Bcast,0.001715,0.001723
13,14,PMPI_Bcast,PMPI_Bcast,0.001715,0.001723
13,15,PMPI_Bcast,PMPI_Bcast,0.001715,0.001723
1,5,PMPI_Bcast,PMPI_Bcast,0.000587,0.001731
1,9,PMPI_Bcast,PMPI_Bcast,0.000587,0.001731
9,13,PMPI_Bcast,PMPI_Bcast,0.001715,0.001731
7,8,PMPI_Bcast,PMPI_Bcast,0.001723,0.001731
11,12,PMPI_Bcast,PMPI_Bcast,0.001723,0.001731
15,16,PMPI_Bcast,PMPI_Bcast,0.001723,0.001731
5,6,PMPI_Bcast,PMPI_Bcast,0.001731,0.001739
5,7,PMPI_Bcast,PMPI_Bcast,0.001731,0.001739
9,10,PMPI_Bcast,PMPI_Bcast,0.001731,0.001739
9,11,PMPI_Bcast,PMPI_Bcast,0.001731,0.001739
13,14,PMPI_Bcast,PMPI_Bcast,0.001731,0.001739
13,15,PMPI_Bcast,PMPI_Bcast,0.001731,0.001739
9,13,PMPI_Bcast,PMPI_Bcast,0.001731,0.001747
1,5,PMPI_Bcast,PMPI_Bcast,0.000587,0.001747
1,9,PMPI_Bcast,PMPI_Bcast,0.000587,0.001747
7,8,PMPI_Bcast,PMPI_Bcast,0.001739,0.001747
11,12,PMPI_Bcast,PMPI_Bcast,0.001739,0.001747
15,16,PMPI_Bcast,PMPI_Bcast,0.001739,0.001747
13,14,PMPI_Bcast,PMPI_Bcast,0.001747,0.001755
13,15,PMPI_Bcast,PMPI_Bcast,0.001747,0.001755
5,6,PMPI_Bcast,PMPI_Bcast,0.001747,0.001755
5,7,PMPI_Bcast,PMPI_Bcast,0.001747,0.001755
9,10,PMPI_Bcast,PMPI_Bcast,0.001747,0.001755
9,11,PMPI_Bcast,PMPI_Bcast,0.001747,0.001755
9,13,PMPI_Bcast,PMPI_Bcast,0.001747,0.001763
1,5,PMPI_Bcast,PMPI_Bcast,0.000587,0.001763
1,9,PMPI_Bcast,PMPI_Bcast,0.000587,0.001763
15,16,PMPI_Bcast,PMPI_Bcast,0.001755,0.001763
7,8,PMPI_Bcast,PMPI_Bcast,0.001755,0.001763
11,12,PMPI_Bcast,PMPI_Bcast,0.001755,0.001763
13,14,PMPI_Bcast,PMPI_Bcast,0.001763,0.001771
13,15,PMPI_Bcast,PMPI_Bcast,0.001763,0.001771
5,6,PMPI_Bcast,PMPI_Bcast,0.001763,0.001771
5,7,PMPI_Bcast,PMPI_Bcast,0.001763,0.001771
9,10,PMPI_Bcast,PMPI_Bcast,0.001763,0.001771
9,11,PMPI_Bcast,PMPI_Bcast,0.001763,0.001771
1,9,PMPI_Bcast,PMPI_Bcast,0.000587,0.001778
9,13,PMPI_Bcast,PMPI_Bcast,0.001763,0.001778
15,16,PMPI_Bcast,PMPI_Bcast,0.001771,0.001779
7,8,PMPI_Bcast,PMPI_Bcast,0.001771,0.001779
11,12,PMPI_Bcast,PMPI_Bcast,0.001771,0.001779
1,5,PMPI_Bcast,PMPI_Bcast,0.000587,0.001782
13,14,PMPI_Bcast,PMPI_Bcast,0.001778,0.001787
13,15,PMPI_Bcast,PMPI_Bcast,0.001778,0.001787
9,10,PMPI_Bcast,PMPI_Bcast,0.001778,0.001787
9,11,PMPI_Bcast,PMPI_Bcast,0.001778,0.001787
5,6,PMPI_Bcast,PMPI_Bcast,0.001782,0.00179
5,7,PMPI_Bcast,PMPI_Bcast,0.001782,0.00179
1,9,PMPI_Bcast,PMPI_Bcast,0.000587,0.001794
9,13,PMPI_Bcast,PMPI_Bcast,0.001778,0.001794
15,16,PMPI_Bcast,PMPI_Bcast,0.001787,0.001794
11,12,PMPI_Bcast,PMPI_Bcast,0.001787,0.001794
1,5,PMPI_Bcast,PMPI_Bcast,0.000587,0.001797
7,8,PMPI_Bcast,PMPI_Bcast,0.00179,0.001798
13,14,PMPI_Bcast,PMPI_Bcast,0.001794,0.001802
13,15,PMPI_Bcast,PMPI_Bcast,0.001794,0.001802
9,10,PMPI_Bcast,PMPI_Bcast,0.001794,0.001802
9,11,PMPI_Bcast,PMPI_Bcast,0.001794,0.001802
5,6,PMPI_Bcast,PMPI_Bcast,0.001797,0.001806
5,7,PMPI_Bcast,PMPI_Bcast,0.001797,0.001806
1,9,PMPI_Bcast,PMPI_Bcast,0.000587,0.00181
9,13,PMPI_Bcast,PMPI_Bcast,0.001794,0.00181
15,16,PMPI_Bcast,PMPI_Bcast,0.001802,0.00181
11,12,PMPI_Bcast,PMPI_Bcast,0.001802,0.00181
1,5,PMPI_Bcast,PMPI_Bcast,0.000587,0.001813
7,8,PMPI_Bcast,PMPI_Bcast,0.001806,0.001813
13,14,PMPI_Bcast,PMPI_Bcast,0.00181,0.001818
13,15,PMPI_Bcast,PMPI_Bcast,0.00181,0.001818
9,10,PMPI_Bcast,PMPI_Bcast,0.00181,0.001818
9,11,PMPI_Bcast,PMPI_Bcast,0.00181,0.001818
5,6,PMPI_Bcast,PMPI_Bcast,0.001813,0.001821
5,7,PMPI_Bcast,PMPI_Bcast,0.001813,0.001821
1,9,PMPI_Bcast,PMPI_Bcast,0.000587,0.001826
9,13,PMPI_Bcast,PMPI_Bcast,0.00181,0.001826
15,16,PMPI_Bcast,PMPI_Bcast,0.001818,0.001826
11,12,PMPI_Bcast,PMPI_Bcast,0.001818,0.001826
1,5,PMPI_Bcast,PMPI_Bcast,0.000587,0.001829
7,8,PMPI_Bcast,PMPI_Bcast,0.001821,0.001829
13,14,PMPI_Bcast,PMPI_Bcast,0.001826,0.001834
13,15,PMPI_Bcast,PMPI_Bcast,0.001826,0.001834
9,10,PMPI_Bcast,PMPI_Bcast,0.001826,0.001834
9,11,PMPI_Bcast,PMPI_Bcast,0.001826,0.001834
5,6,PMPI_Bcast,PMPI_Bcast,0.001829,0.001837
5,7,PMPI_Bcast,PMPI_Bcast,0.001829,0.001837
1,9,PMPI_Bcast,PMPI_Bcast,0.000587,0.001841
9,13,PMPI_Bcast,PMPI_Bcast,0.001826,0.001841
15,16,PMPI_Bcast,PMPI_Bcast,0.001834,0.001842
11,12,PMPI_Bcast,PMPI_Bcast,0.001834,0.001842
1,5,PMPI_Bcast,PMPI_Bcast,0.000587,0.001845
7,8,PMPI_Bcast,PMPI_Bcast,0.001837,0.001845
13,14,PMPI_Bcast,PMPI_Bcast,0.001841,0.001849
13,15,PMPI_Bcast,PMPI_Bcast,0.001841,0.001849
9,10,PMPI_Bcast,PMPI_Bcast,0.001841,0.001849
9,11,PMPI_Bcast,PMPI_Bcast,0.001841,0.001849
5,6,PMPI_Bcast,PMPI_Bcast,0.001845,0.001853
5,7,PMPI_Bcast,PMPI_Bcast,0.001845,0.001853
1,9,PMPI_Bcast,PMPI_Bcast,0.000587,0.001857
9,13,PMPI_Bcast,PMPI_Bcast,0.001841,0.001857
15,16,PMPI_Bcast,PMPI_Bcast,0.001849,0.001857
11,12,PMPI_Bcast,PMPI_Bcast,0.001849,0.001857
1,5,PMPI_Bcast,PMPI_Bcast,0.000587,0.00186
7,8,PMPI_Bcast,PMPI_Bcast,0.001853,0.001861
13,14,PMPI_Bcast,PMPI_Bcast,0.001857,0.001865
13,15,PMPI_Bcast,PMPI_Bcast,0.001857,0.001865
9,10,PMPI_Bcast,PMPI_Bcast,0.001857,0.001865
9,11,PMPI_Bcast,PMPI_Bcast,0.001857,0.001865
5,6,PMPI_Bcast,PMPI_Bcast,0.00186,0.001868
5,7,PMPI_Bcast,PMPI_Bcast,0.00186,0.001868
1,9,PMPI_Bcast,PMPI_Bcast,0.000587,0.001873
9,13,PMPI_Bcast,PMPI_Bcast,0.001857,0.001873
15,16,PMPI_Bcast,PMPI_Bcast,0.001865,0.001873
11,12,PMPI_Bcast,PMPI_Bcast,0.001865,0.001873
1,5,PMPI_Bcast,PMPI_Bcast,0.000587,0.001876
7,8,PMPI_Bcast,PMPI_Bcast,0.001868,0.001876
13,14,PMPI_Bcast,PMPI_Bcast,0.001873,0.001881
13,15,PMPI_Bcast,PMPI_Bcast,0.001873,0.001881
9,10,PMPI_Bcast,PMPI_Bcast,0.001873,0.001881
9,11,PMPI_Bcast,PMPI_Bcast,0.001873,0.001881
5,6,PMPI_Bcast,PMPI_Bcast,0.001876,0.001884
5,7,PMPI_Bcast,PMPI_Bcast,0.001876,0.001884
1,9,PMPI_Bcast,PMPI_Bcast,0.000587,0.001889
9,13,PMPI_Bcast,PMPI_Bcast,0.001873,0.001889
15,16,PMPI_Bcast,PMPI_Bcast,0.001881,0.001889
11,12,PMPI_Bcast,PMPI_Bcast,0.001881,0.001889
1,5,PMPI_Bcast,PMPI_Bcast,0.000587,0.001892
7,8,PMPI_Bcast,PMPI_Bcast,0.001884,0.001892
13,14,PMPI_Bcast,PMPI_Bcast,0.001889,0.001897
13,15,PMPI_Bcast,PMPI_Bcast,0.001889,0.001897
9,10,PMPI_Bcast,PMPI_Bcast,0.001889,0.001897
9,11,PMPI_Bcast,PMPI_Bcast,0.001889,0.001897
5,6,PMPI_Bcast,PMPI_Bcast,0.001892,0.0019
5,7,PMPI_Bcast,PMPI_Bcast,0.001892,0.0019
1,9,PMPI_Bcast,PMPI_Bcast,0.000587,0.001904
9,13,PMPI_Bcast,PMPI_Bcast,0.001889,0.001904
15,16,PMPI_Bcast,PMPI_Bcast,0.001897,0.001905
11,12,PMPI_Bcast,PMPI_Bcast,0.001897,0.001905
1,5,PMPI_Bcast,PMPI_Bcast,0.000587,0.001908
7,8,PMPI_Bcast,PMPI_Bcast,0.0019,0.001908
13,14,PMPI_Bcast,PMPI_Bcast,0.001904,0.001912
13,15,PMPI_Bcast,PMPI_Bcast,0.001904,0.001912
9,10,PMPI_Bcast,PMPI_Bcast,0.001904,0.001912
9,11,PMPI_Bcast,PMPI_Bcast,0.001904,0.001912
5,6,PMPI_Bcast,PMPI_Bcast,0.001908,0.001916
5,7,PMPI_Bcast,PMPI_Bcast,0.001908,0.001916
1,9,PMPI_Bcast,PMPI_Bcast,0.000587,0.00192
9,13,PMPI_Bcast,PMPI_Bcast,0.001904,0.00192
15,16,PMPI_Bcast,PMPI_Bcast,0.001912,0.00192
11,12,PMPI_Bcast,PMPI_Bcast,0.001912,0.00192
1,5,PMPI_Bcast,PMPI_Bcast,0.000587,0.001923
7,8,PMPI_Bcast,PMPI_Bcast,0.001916,0.001923
13,14,PMPI_Bcast,PMPI_Bcast,0.00192,0.001928
13,15,PMPI_Bcast,PMPI_Bcast,0.00192,0.001928
9,10,PMPI_Bcast,PMPI_Bcast,0.00192,0.001928
9,11,PMPI_Bcast,PMPI_Bcast,0.00192,0.001928
5,6,PMPI_Bcast,PMPI_Bcast,0.001923,0.001931
5,7,PMPI_Bcast,PMPI_Bcast,0.001923,0.001931
1,9,PMPI_Bcast,PMPI_Bcast,0.000587,0.001936
9,13,PMPI_Bcast,PMPI_Bcast,0.00192,0.001936
15,16,PMPI_Bcast,PMPI_Bcast,0.001928,0.001936
11,12,PMPI_Bcast,PMPI_Bcast,0.001928,0.001936
1,5,PMPI_Bcast,PMPI_Bcast,0.000587,0.001939
7,8,PMPI_Bcast,PMPI_Bcast,0.001931,0.001939
13,14,PMPI_Bcast,PMPI_Bcast,0.001936,0.001944
13,15,PMPI_Bcast,PMPI_Bcast,0.001936,0.001944
9,10,PMPI_Bcast,PMPI_Bcast,0.001936,0.001944
9,11,PMPI_Bcast,PMPI_Bcast,0.001936,0.001944
5,6,PMPI_Bcast,PMPI_Bcast,0.001939,0.001947
5,7,PMPI_Bcast,PMPI_Bcast,0.001939,0.001947
1,9,PMPI_Bcast,PMPI_Bcast,0.000587,0.001952
9,13,PMPI_Bcast,PMPI_Bcast,0.001936,0.001952
15,16,PMPI_Bcast,PMPI_Bcast,0.001944,0.001952
11,12,PMPI_Bcast,PMPI_Bcast,0.001944,0.001952
1,5,PMPI_Bcast,PMPI_Bcast,0.000587,0.001955
7,8,PMPI_Bcast,PMPI_Bcast,0.001947,0.001955
13,14,PMPI_Bcast,PMPI_Bcast,0.001952,0.00196
13,15,PMPI_Bcast,PMPI_Bcast,0.001952,0.00196
9,10,PMPI_Bcast,PMPI_Bcast,0.001952,0.00196
9,11,PMPI_Bcast,PMPI_Bcast,0.001952,0.00196
5,6,PMPI_Bcast,PMPI_Bcast,0.001955,0.001963
5,7,PMPI_Bcast,PMPI_Bcast,0.001955,0.001963
1,9,PMPI_Bcast,PMPI_Bcast,0.000587,0.001967
9,13,PMPI_Bcast,PMPI_Bcast,0.001952,0.001967
15,16,PMPI_Bcast,PMPI_Bcast,0.00196,0.001967
11,12,PMPI_Bcast,PMPI_Bcast,0.00196,0.001967
1,5,PMPI_Bcast,PMPI_Bcast,0.000587,0.00197
7,8,PMPI_Bcast,PMPI_Bcast,0.001963,0.001971
13,14,PMPI_Bcast,PMPI_Bcast,0.001967,0.001975
13,15,PMPI_Bcast,PMPI_Bcast,0.001967,0.001975
9,10,PMPI_Bcast,PMPI_Bcast,0.001967,0.001975
9,11,PMPI_Bcast,PMPI_Bcast,0.001967,0.001975
5,6,PMPI_Bcast,PMPI_Bcast,0.00197,0.001978
5,7,PMPI_Bcast,PMPI_Bcast,0.00197,0.001978
1,9,PMPI_Bcast,PMPI_Bcast,0.000587,0.001983
15,16,PMPI_Bcast,PMPI_Bcast,0.001975,0.001983
11,12,PMPI_Bcast,PMPI_Bcast,0.001975,0.001983
1,5,PMPI_Bcast,PMPI_Bcast,0.000587,0.001986
7,8,PMPI_Bcast,PMPI_Bcast,0.001978,0.001986
9,13,PMPI_Bcast,PMPI_Bcast,0.001967,0.001987
9,10,PMPI_Bcast,PMPI_Bcast,0.001983,0.001991
9,11,PMPI_Bcast,PMPI_Bcast,0.001983,0.001991
5,6,PMPI_Bcast,PMPI_Bcast,0.001986,0.001994
5,7,PMPI_Bcast,PMPI_Bcast,0.001986,0.001994
13,14,PMPI_Bcast,PMPI_Bcast,0.001987,0.001995
13,15,PMPI_Bcast,PMPI_Bcast,0.001987,0.001995
1,9,PMPI_Bcast,PMPI_Bcast,0.000587,0.001999
11,12,PMPI_Bcast,PMPI_Bcast,0.001991,0.001999
1,5,PMPI_Bcast,PMPI_Bcast,0.000587,0.002002
7,8,PMPI_Bcast,PMPI_Bcast,0.001994,0.002002
9,13,PMPI_Bcast,PMPI_Bcast,0.001983,0.002002
15,16,PMPI_Bcast,PMPI_Bcast,0.001995,0.002003
9,10,PMPI_Bcast,PMPI_Bcast,0.001999,0.002007
9,11,PMPI_Bcast,PMPI_Bcast,0.001999,0.002007
5,6,PMPI_Bcast,PMPI_Bcast,0.002002,0.00201
5,7,PMPI_Bcast,PMPI_Bcast,0.002002,0.00201
13,14,PMPI_Bcast,PMPI_Bcast,0.002002,0.00201
13,15,PMPI_Bcast,PMPI_Bcast,0.002002,0.00201
1,9,PMPI_Bcast,PMPI_Bcast,0.000587,0.002014
11,12,PMPI_Bcast,PMPI_Bcast,0.002007,0.002015
1,5,PMPI_Bcast,PMPI_Bcast,0.000587,0.002018
7,8,PMPI_Bcast,PMPI_Bcast,0.00201,0.002018
9,13,PMPI_Bcast,PMPI_Bcast,0.001999,0.002018
15,16,PMPI_Bcast,PMPI_Bcast,0.00201,0.002018
9,10,PMPI_Bcast,PMPI_Bcast,0.002014,0.002022
9,11,PMPI_Bcast,PMPI_Bcast,0.002014,0.002022
5,6,PMPI_Bcast,PMPI_Bcast,0.002018,0.002026
5,7,PMPI_Bcast,PMPI_Bcast,0.002018,0.002026
13,14,PMPI_Bcast,PMPI_Bcast,0.002018,0.002026
13,15,PMPI_Bcast,PMPI_Bcast,0.002018,0.002026
1,9,PMPI_Bcast,PMPI_Bcast,0.000587,0.00203
11,12,PMPI_Bcast,PMPI_Bcast,0.002022,0.00203
1,5,PMPI_Bcast,PMPI_Bcast,0.000587,0.002033
7,8,PMPI_Bcast,PMPI_Bcast,0.002026,0.002034
9,13,PMPI_Bcast,PMPI_Bcast,0.002014,0.002034
15,16,PMPI_Bcast,PMPI_Bcast,0.002026,0.002034
9,10,PMPI_Bcast,PMPI_Bcast,0.00203,0.002038
9,11,PMPI_Bcast,PMPI_Bcast,0.00203,0.002038
5,6,PMPI_Bcast,PMPI_Bcast,0.002033,0.002041
5,7,PMPI_Bcast,PMPI_Bcast,0.002033,0.002041
13,14,PMPI_Bcast,PMPI_Bcast,0.002034,0.002042
13,15,PMPI_Bcast,PMPI_Bcast,0.002034,0.002042
1,9,PMPI_Bcast,PMPI_Bcast,0.000587,0.002046
11,12,PMPI_Bcast,PMPI_Bcast,0.002038,0.002046
1,5,PMPI_Bcast,PMPI_Bcast,0.000587,0.002049
7,8,PMPI_Bcast,PMPI_Bcast,0.002041,0.002049
9,13,PMPI_Bcast,PMPI_Bcast,0.00203,0.002049
15,16,PMPI_Bcast,PMPI_Bcast,0.002042,0.00205
9,10,PMPI_Bcast,PMPI_Bcast,0.002046,0.002054
9,11,PMPI_Bcast,PMPI_Bcast,0.002046,0.002054
5,6,PMPI_Bcast,PMPI_Bcast,0.002049,0.002057
5,7,PMPI_Bcast,PMPI_Bcast,0.002049,0.002057
13,14,PMPI_Bcast,PMPI_Bcast,0.002049,0.002057
13,15,PMPI_Bcast,PMPI_Bcast,0.002049,0.002057
1,9,PMPI_Bcast,PMPI_Bcast,0.000587,0.002062
11,12,PMPI_Bcast,PMPI_Bcast,0.002054,0.002062
1,5,PMPI_Bcast,PMPI_Bcast,0.000587,0.002065
7,8,PMPI_Bcast,PMPI_Bcast,0.002057,0.002065
9,13,PMPI_Bcast,PMPI_Bcast,0.002046,0.002065
15,16,PMPI_Bcast,PMPI_Bcast,0.002057,0.002065
9,10,PMPI_Bcast,PMPI_Bcast,0.002062,0.00207
9,11,PMPI_Bcast,PMPI_Bcast,0.002062,0.00207
5,6,PMPI_Bcast,PMPI_Bcast,0.002065,0.002073
5,7,PMPI_Bcast,PMPI_Bcast,0.002065,0.002073
13,14,PMPI_Bcast,PMPI_Bcast,0.002065,0.002073
13,15,PMPI_Bcast,PMPI_Bcast,0.002065,0.002073
1,9,PMPI_Bcast,PMPI_Bcast,0.000587,0.002077
11,12,PMPI_Bcast,PMPI_Bcast,0.00207,0.002078
1,5,PMPI_Bcast,PMPI_Bcast,0.000587,0.00208
7,8,PMPI_Bcast,PMPI_Bcast,0.002073,0.002081
9,13,PMPI_Bcast,PMPI_Bcast,0.002062,0.002081
15,16,PMPI_Bcast,PMPI_Bcast,0.002073,0.002081
9,10,PMPI_Bcast,PMPI_Bcast,0.002077,0.002085
9,11,PMPI_Bcast,PMPI_Bcast,0.002077,0.002085
5,6,PMPI_Bcast,PMPI_Bcast,0.00208,0.002089
5,7,PMPI_Bcast,PMPI_Bcast,0.00208,0.002089
13,14,PMPI_Bcast,PMPI_Bcast,0.002081,0.002089
13,15,PMPI_Bcast,PMPI_Bcast,0.002081,0.002089
1,9,PMPI_Bcast,PMPI_Bcast,0.000587,0.002093
11,12,PMPI_Bcast,PMPI_Bcast,0.002085,0.002093
1,5,PMPI_Bcast,PMPI_Bcast,0.000587,0.002096
7,8,PMPI_Bcast,PMPI_Bcast,0.002089,0.002096
9,13,PMPI_Bcast,PMPI_Bcast,0.002077,0.002097
15,16,PMPI_Bcast,PMPI_Bcast,0.002089,0.002097
9,10,PMPI_Bcast,PMPI_Bcast,0.002093,0.002101
9,11,PMPI_Bcast,PMPI_Bcast,0.002093,0.002101
5,6,PMPI_Bcast,PMPI_Bcast,0.002096,0.002104
5,7,PMPI_Bcast,PMPI_Bcast,0.002096,0.002104
13,14,PMPI_Bcast,PMPI_Bcast,0.002097,0.002105
13,15,PMPI_Bcast,PMPI_Bcast,0.002097,0.002105
1,9,PMPI_Bcast,PMPI_Bcast,0.000587,0.002109
11,12,PMPI_Bcast,PMPI_Bcast,0.002101,0.002109
1,5,PMPI_Bcast,PMPI_Bcast,0.000587,0.002112
7,8,PMPI_Bcast,PMPI_Bcast,0.002104,0.002112
9,13,PMPI_Bcast,PMPI_Bcast,0.002093,0.002112
15,16,PMPI_Bcast,PMPI_Bcast,0.002105,0.002113
9,10,PMPI_Bcast,PMPI_Bcast,0.002109,0.002117
9,11,PMPI_Bcast,PMPI_Bcast,0.002109,0.002117
5,6,PMPI_Bcast,PMPI_Bcast,0.002112,0.00212
5,7,PMPI_Bcast,PMPI_Bcast,0.002112,0.00212
13,14,PMPI_Bcast,PMPI_Bcast,0.002112,0.00212
13,15,PMPI_Bcast,PMPI_Bcast,0.002112,0.00212
1,9,PMPI_Bcast,PMPI_Bcast,0.000587,0.002124
11,12,PMPI_Bcast,PMPI_Bcast,0.002117,0.002125
1,5,PMPI_Bcast,PMPI_Bcast,0.000587,0.002128
7,8,PMPI_Bcast,PMPI_Bcast,0.00212,0.002128
9,13,PMPI_Bcast,PMPI_Bcast,0.002109,0.002128
15,16,PMPI_Bcast,PMPI_Bcast,0.00212,0.002128
9,10,PMPI_Bcast,PMPI_Bcast,0.002124,0.002133
9,11,PMPI_Bcast,PMPI_Bcast,0.002124,0.002133
5,6,PMPI_Bcast,PMPI_Bcast,0.002128,0.002136
5,7,PMPI_Bcast,PMPI_Bcast,0.002128,0.002136
13,14,PMPI_Bcast,PMPI_Bcast,0.002128,0.002136
13,15,PMPI_Bcast,PMPI_Bcast,0.002128,0.002136
1,9,PMPI_Bcast,PMPI_Bcast,0.000587,0.00214
11,12,PMPI_Bcast,PMPI_Bcast,0.002133,0.00214
1,5,PMPI_Bcast,PMPI_Bcast,0.000587,0.002143
7,8,PMPI_Bcast,PMPI_Bcast,0.002136,0.002144
9,13,PMPI_Bcast,PMPI_Bcast,0.002124,0.002144
15,16,PMPI_Bcast,PMPI_Bcast,0.002136,0.002144
9,10,PMPI_Bcast,PMPI_Bcast,0.00214,0.002148
9,11,PMPI_Bcast,PMPI_Bcast,0.00214,0.002148
5,6,PMPI_Bcast,PMPI_Bcast,0.002143,0.002151
5,7,PMPI_Bcast,PMPI_Bcast,0.002143,0.002151
13,14,PMPI_Bcast,PMPI_Bcast,0.002144,0.002152
13,15,PMPI_Bcast,PMPI_Bcast,0.002144,0.002152
1,9,PMPI_Bcast,PMPI_Bcast,0.000587,0.002156
11,12,PMPI_Bcast,PMPI_Bcast,0.002148,0.002156
1,5,PMPI_Bcast,PMPI_Bcast,0.000587,0.002159
7,8,PMPI_Bcast,PMPI_Bcast,0.002151,0.002159
9,13,PMPI_Bcast,PMPI_Bcast,0.00214,0.00216
15,16,PMPI_Bcast,PMPI_Bcast,0.002152,0.00216
9,10,PMPI_Bcast,PMPI_Bcast,0.002156,0.002164
9,11,PMPI_Bcast,PMPI_Bcast,0.002156,0.002164
5,6,PMPI_Bcast,PMPI_Bcast,0.002159,0.002167
5,7,PMPI_Bcast,PMPI_Bcast,0.002159,0.002167
13,14,PMPI_Bcast,PMPI_Bcast,0.00216,0.002168
13,15,PMPI_Bcast,PMPI_Bcast,0.00216,0.002168
1,9,PMPI_Bcast,PMPI_Bcast,0.000587,0.002172
11,12,PMPI_Bcast,PMPI_Bcast,0.002164,0.002172
1,5,PMPI_Bcast,PMPI_Bcast,0.000587,0.002175
7,8,PMPI_Bcast,PMPI_Bcast,0.002167,0.002175
9,13,PMPI_Bcast,PMPI_Bcast,0.002156,0.002175
15,16,PMPI_Bcast,PMPI_Bcast,0.002168,0.002175
9,10,PMPI_Bcast,PMPI_Bcast,0.002172,0.00218
9,11,PMPI_Bcast,PMPI_Bcast,0.002172,0.00218
5,6,PMPI_Bcast,PMPI_Bcast,0.002175,0.002183
5,7,PMPI_Bcast,PMPI_Bcast,0.002175,0.002183
13,14,PMPI_Bcast,PMPI_Bcast,0.002175,0.002183
13,15,PMPI_Bcast,PMPI_Bcast,0.002175,0.002183
1,9,PMPI_Bcast,PMPI_Bcast,0.000587,0.002187
11,12,PMPI_Bcast,PMPI_Bcast,0.00218,0.002188
1,5,PMPI_Bcast,PMPI_Bcast,0.000587,0.002191
7,8,PMPI_Bcast,PMPI_Bcast,0.002183,0.002191
9,13,PMPI_Bcast,PMPI_Bcast,0.002172,0.002191
15,16,PMPI_Bcast,PMPI_Bcast,0.002183,0.002191
9,10,PMPI_Bcast,PMPI_Bcast,0.002187,0.002195
9,11,PMPI_Bcast,PMPI_Bcast,0.002187,0.002195
5,6,PMPI_Bcast,PMPI_Bcast,0.002191,0.002199
5,7,PMPI_Bcast,PMPI_Bcast,0.002191,0.002199
13,14,PMPI_Bcast,PMPI_Bcast,0.002191,0.002199
13,15,PMPI_Bcast,PMPI_Bcast,0.002191,0.002199
11,12,PMPI_Bcast,PMPI_Bcast,0.002195,0.002203
1,5,PMPI_Bcast,PMPI_Bcast,0.000587,0.002206
7,8,PMPI_Bcast,PMPI_Bcast,0.002199,0.002207
9,13,PMPI_Bcast,PMPI_Bcast,0.002187,0.002207
15,16,PMPI_Bcast,PMPI_Bcast,0.002199,0.002207
5,6,PMPI_Bcast,PMPI_Bcast,0.002206,0.002214
5,7,PMPI_Bcast,PMPI_Bcast,0.002206,0.002214
13,14,PMPI_Bcast,PMPI_Bcast,0.002207,0.002215
13,15,PMPI_Bcast,PMPI_Bcast,0.002207,0.002215
1,5,PMPI_Bcast,PMPI_Bcast,0.000587,0.002222
7,8,PMPI_Bcast,PMPI_Bcast,0.002214,0.002222
15,16,PMPI_Bcast,PMPI_Bcast,0.002215,0.002223
5,6,PMPI_Bcast,PMPI_Bcast,0.002222,0.00223
5,7,PMPI_Bcast,PMPI_Bcast,0.002222,0.00223
1,5,PMPI_Bcast,PMPI_Bcast,0.000587,0.002238
7,8,PMPI_Bcast,PMPI_Bcast,0.00223,0.002238
5,6,PMPI_Bcast,PMPI_Bcast,0.002238,0.002246
5,7,PMPI_Bcast,PMPI_Bcast,0.002238,0.002246
1,5,PMPI_Bcast,PMPI_Bcast,0.000587,0.002253
7,8,PMPI_Bcast,PMPI_Bcast,0.002246,0.002254
5,6,PMPI_Bcast,PMPI_Bcast,0.002253,0.002261
5,7,PMPI_Bcast,PMPI_Bcast,0.002253,0.002261
7,8,PMPI_Bcast,PMPI_Bcast,0.002261,0.002269
